SubmissionDate,start,note_welcome,intdate,m_eligible,consent_statement,m_consent,note_conditionCheck,who_present,context,private,wazungu,intro_peers,age_cityman1,edu_cityman1,age_cityman2,edu_cityman2,age_cityman3,edu_cityman3,intro_prompt,scale_use,practice_q1,practice_q2,note_practice,emp1,emp2,emp3,emp4,emp5,emp6,emp7,emp8,emp9,emp10,emp11,emp12,emp13,emp14,emp15,emp16,emp17,emp18,emp19,emp20,note_finish_emps,honest1,honest2,honest3,honest4,m_age,m_edu,m_work,m_workother,numwife,m_prevwife,m_numkids,debrief_statement,note5,m_comment,m_comment2,note6,instanceID,KEY,SubmitterID,SubmitterName,AttachmentsPresent,AttachmentsExpected,Status,ReviewState,DeviceID,Edits,FormVersion
2023-08-23T14:38:14.301Z,2023-08-23T14:55:31.660+03:00,,23/08/2023,1,OK,1,,2,3,1,0,,40,15,38,15,37,15,,,1,5,,2,3,2,2,2,3,5,4,2,2,2,3,3,4,2,2,5,4,4,4,,1,2,1,1,22,15,7,,0,0,0,,,No comments ,No comments ,,uuid:0c8d9bca-2e1d-4637-a3d7-3a15623dfec9,uuid:0c8d9bca-2e1d-4637-a3d7-3a15623dfec9,19,Tablet 4,2,2,,,collect:iRjTQnCMf93cWfWU,0,205[encrypted:AYmtILkN]
2023-08-23T14:38:13.229Z,2023-08-23T13:04:34.161+03:00,,23/08/2023,1,OK,1,,2,1,1,0,,40,15,38,15,37,15,,,1,5,,1,4,4,4,2,5,5,3,4,4,4,1,3,4,4,2,5,2,2,4,,1,2,1,1,18,11,7,,0,0,0,,,No comments ,No comments ,,uuid:693ba3d7-7908-4cb0-a9ba-dcf2583ae295,uuid:693ba3d7-7908-4cb0-a9ba-dcf2583ae295,19,Tablet 4,2,2,,,collect:iRjTQnCMf93cWfWU,0,205[encrypted:AYmtILkN]
2023-08-23T14:38:12.180Z,2023-08-23T12:52:23.905+03:00,,23/08/2023,1,OK,1,,2,3,1,0,,24,15,37,15,38,15,,,1,5,,3,3,1,1,1,5,5,4,2,4,2,4,4,4,2,2,4,2,2,4,,1,2,1,1,22,13,0,,0,0,0,,,No,No,,uuid:41a753b0-b866-499c-a330-ba786d5bd2a8,uuid:41a753b0-b866-499c-a330-ba786d5bd2a8,19,Tablet 4,2,2,,,collect:iRjTQnCMf93cWfWU,0,205[encrypted:AYmtILkN]
2023-08-23T14:38:11.161Z,2023-08-23T12:36:43.847+03:00,,23/08/2023,1,,1,,2,3,1,0,,24,15,40,15,38,15,,,1,5,,2,4,4,3,3,2,2,4,4,4,5,4,4,2,3,2,4,4,4,2,,1,2,1,2,22,12,2 5,,0,0,0,,,No comments ,Well cooperate ,,uuid:9062883a-0b8a-4ed1-a2b7-da9fd95461b7,uuid:9062883a-0b8a-4ed1-a2b7-da9fd95461b7,19,Tablet 4,2,2,,,collect:iRjTQnCMf93cWfWU,0,205[encrypted:AYmtILkN]
2023-08-23T14:38:10.164Z,2023-08-23T11:57:51.714+03:00,,23/08/2023,1,,1,,2,3,1,0,,40,15,37,15,24,15,,,1,5,,1,5,4,4,4,2,4,4,2,4,4,4,2,2,2,2,4,2,2,2,,1,2,2,3,22,11,0,,0,0,0,,,No comment ,NIL ,,uuid:62c9497f-f125-433c-b010-7693cfee6776,uuid:62c9497f-f125-433c-b010-7693cfee6776,19,Tablet 4,2,2,,,collect:iRjTQnCMf93cWfWU,0,205[encrypted:AYmtILkN]
2023-08-23T14:38:08.147Z,2023-08-23T11:45:43.206+03:00,,23/08/2023,1,OK,1,,2,3,1,0,,40,15,38,15,37,15,,,1,5,,1,5,2,1,1,4,5,4,4,4,1,4,5,4,1,3,2,1,4,4,,1,2,3,2,23,15,2,,0,0,0,,,No comments ,No comments ,,uuid:9c1a929d-e6bf-4715-9e05-5b9f44d33078,uuid:9c1a929d-e6bf-4715-9e05-5b9f44d33078,19,Tablet 4,2,2,,,collect:iRjTQnCMf93cWfWU,0,205[encrypted:AYmtILkN]
2023-08-22T13:10:56.528Z,2023-08-22T13:43:46.068+03:00,,22/08/2023,1,OK,1,,2,1,1,0,,40,15,38,15,37,15,,,1,5,,2,4,4,1,1,2,5,4,4,4,2,1,2,5,2,2,2,5,2,4,,1,2,1,1,26,15,98,Counselling ,0,0,0,,,No comments ,No comments ,,uuid:51894cb3-2349-46ba-83e1-8b7586bc34bd,uuid:51894cb3-2349-46ba-83e1-8b7586bc34bd,19,Tablet 4,2,2,,,collect:iRjTQnCMf93cWfWU,0,205[encrypted:AYmtILkN]
2023-08-22T13:10:55.150Z,2023-08-22T11:21:30.705+03:00,,22/08/2023,1,OK,1,,2,1,1,0,,40,15,38,15,37,15,,,1,5,,1,5,2,2,2,4,5,3,2,4,2,2,3,2,4,1,4,2,3,5,,1,2,2,3,24,15,2,,0,0,1,,,No comments ,No comments ,,uuid:97de51fb-314f-4154-aeb7-eff2489bfacc,uuid:97de51fb-314f-4154-aeb7-eff2489bfacc,19,Tablet 4,2,2,,,collect:iRjTQnCMf93cWfWU,0,205[encrypted:AYmtILkN]
2023-08-22T13:10:53.896Z,2023-08-22T10:43:12.513+03:00,,22/08/2023,1,,1,,2,3,1,0,,24,15,37,15,40,15,,,1,5,,1,5,1,2,1,4,5,5,3,5,2,2,4,2,2,2,4,4,3,4,,1,2,2,3,25,11,2 4,,0,0,2,,,No comment ,NIL ,,uuid:730905f4-bf7c-4a42-b659-30f4f8e88eed,uuid:730905f4-bf7c-4a42-b659-30f4f8e88eed,19,Tablet 4,2,2,,,collect:iRjTQnCMf93cWfWU,0,205[encrypted:AYmtILkN]
2023-08-22T13:10:52.882Z,2023-08-22T10:29:11.734+03:00,,22/08/2023,1,OK,1,,2,3,1,0,,37,15,24,15,38,15,,,1,5,,2,4,3,3,2,3,3,3,2,3,4,2,3,3,3,3,3,3,5,2,,1,2,1,1,22,11,2,,1,0,0,,,No,No,,uuid:60f042ca-043e-4216-8ba8-b57ea12aac53,uuid:60f042ca-043e-4216-8ba8-b57ea12aac53,19,Tablet 4,2,2,,,collect:iRjTQnCMf93cWfWU,0,205[encrypted:AYmtILkN]
2023-08-22T13:10:51.758Z,2023-08-22T10:21:04.999+03:00,,22/08/2023,1,OK,1,,2,3,1,0,,40,15,38,15,37,15,,,1,5,,1,4,4,4,4,5,4,4,4,4,5,2,1,4,4,4,5,1,4,2,,1,2,2,3,19,11,10,,0,0,0,,,No comments , No comments ,,uuid:b6d0b0da-54dc-44ab-9cf5-74337669a6d3,uuid:b6d0b0da-54dc-44ab-9cf5-74337669a6d3,19,Tablet 4,2,2,,,collect:iRjTQnCMf93cWfWU,0,205[encrypted:AYmtILkN]
2023-08-21T13:00:26.658Z,2023-08-21T13:13:40.887+03:00,,21/08/2023,1,OK,1,,2,3,1,0,,40,15,38,15,37,15,,,1,5,,4,4,4,4,2,5,5,3,2,5,2,4,5,4,2,1,1,1,5,4,,1,2,1,1,26,15,4 11,,0,0,1,,,No comments ,No  comments ,,uuid:2f12394e-e310-4200-820e-cd1667c7a3bf,uuid:2f12394e-e310-4200-820e-cd1667c7a3bf,19,Tablet 4,2,2,,,collect:iRjTQnCMf93cWfWU,0,205[encrypted:AYmtILkN]
2023-08-21T13:00:24.137Z,2023-08-21T11:47:53.874+03:00,,21/08/2023,1,,1,,1,1,1,0,,37,15,24,15,40,15,,,1,5,,2,5,1,1,1,2,4,4,4,5,2,4,5,5,2,1,2,2,3,4,,1,2,1,1,21,13,5,,0,0,0,,,No comment ,NIL ,,uuid:9428a61b-2c82-4d01-af17-db3596d0874e,uuid:9428a61b-2c82-4d01-af17-db3596d0874e,19,Tablet 4,2,2,,,collect:iRjTQnCMf93cWfWU,0,205[encrypted:AYmtILkN]
2023-08-21T13:00:22.244Z,2023-08-21T11:39:29.269+03:00,,21/08/2023,1,,1,,2,2,1,0,,40,15,24,15,37,15,,,1,5,,2,5,2,2,2,4,3,4,3,5,2,2,4,4,2,3,4,5,3,4,,1,2,1,3,24,15,0,,0,0,0,,,No comment ,NIL ,,uuid:0893aa53-970c-4ace-87eb-059793c7ff64,uuid:0893aa53-970c-4ace-87eb-059793c7ff64,19,Tablet 4,2,2,,,collect:iRjTQnCMf93cWfWU,0,205[encrypted:AYmtILkN]
2023-08-21T13:00:20.106Z,2023-08-21T11:20:13.521+03:00,,21/08/2023,1,OK,1,,2,1,1,0,,24,15,37,15,38,15,,,1,5,,1,5,2,2,1,4,5,4,2,4,3,2,4,4,4,2,4,2,4,4,,1,2,2,1,30,11,7,,1,0,2,,,No,No,,uuid:326e0701-6d70-479f-bb08-a5f8b6bee594,uuid:326e0701-6d70-479f-bb08-a5f8b6bee594,19,Tablet 4,2,2,,,collect:iRjTQnCMf93cWfWU,0,205[encrypted:AYmtILkN]
2023-08-21T13:00:18.250Z,2023-08-21T10:34:34.685+03:00,,21/08/2023,1,OK,1,,2,3,1,0,,38,15,40,15,24,15,,,1,5,,3,4,3,2,2,5,5,3,2,4,2,2,3,3,3,3,2,1,1,1,,1,2,1,2,22,11,2 1,,0,0,0,,,No comments ,Good cooperate ,,uuid:402d790b-f1bd-4eda-9e99-8a9938259fd2,uuid:402d790b-f1bd-4eda-9e99-8a9938259fd2,19,Tablet 4,2,2,,,collect:iRjTQnCMf93cWfWU,0,205[encrypted:AYmtILkN]
2023-08-21T13:00:16.340Z,2023-08-21T10:21:15.844+03:00,,21/08/2023,1,OK,1,,2,1,1,0,,40,15,38,15,37,15,,,1,5,,4,5,1,1,1,5,5,5,2,4,1,1,5,5,1,1,5,1,2,5,,1,2,1,2,23,15,2,,0,0,0,,,No comments ,No comments ,,uuid:d5929206-0f6a-4b80-915c-d293de8d613f,uuid:d5929206-0f6a-4b80-915c-d293de8d613f,19,Tablet 4,2,2,,,collect:iRjTQnCMf93cWfWU,0,205[encrypted:AYmtILkN]
2023-08-21T13:00:14.479Z,2023-08-21T09:59:16.560+03:00,,21/08/2023,1,,1,,2,3,1,0,,40,15,37,15,24,15,,,1,5,,1,5,2,1,2,1,5,5,4,4,2,4,5,5,1,2,5,2,3,5,,1,2,1,1,26,11,6 1,,1,0,1,,,No comment ,NIL ,,uuid:3433739b-6b4d-4f68-97a2-1496405ae042,uuid:3433739b-6b4d-4f68-97a2-1496405ae042,19,Tablet 4,2,2,,,collect:iRjTQnCMf93cWfWU,0,205[encrypted:AYmtILkN]
2023-08-21T13:00:12.461Z,2023-08-21T09:50:32.331+03:00,,21/08/2023,1,OK,1,,2,1,1,0,,40,15,38,15,37,15,,,1,5,,2,4,5,2,2,2,4,3,2,4,5,2,5,4,2,2,2,4,4,4,,1,2,3,2,23,11,2,,0,0,0,,,No comments ,No comments ,,uuid:16321f19-f1d0-4816-ab1d-5716900cd6d9,uuid:16321f19-f1d0-4816-ab1d-5716900cd6d9,19,Tablet 4,2,2,,,collect:iRjTQnCMf93cWfWU,0,205[encrypted:AYmtILkN]
2023-08-21T13:00:10.164Z,2023-08-21T09:38:53.508+03:00,,21/08/2023,1,OK,1,,2,1,1,0,,40,15,38,15,37,15,,,1,5,,1,4,2,2,2,2,4,3,2,4,5,1,5,4,3,2,2,4,5,5,,1,2,2,2,24,11,98,Bus agent,1,0,2,,,No comments ,No comments ,,uuid:ec524f37-e6ca-4e73-8250-cfba73970644,uuid:ec524f37-e6ca-4e73-8250-cfba73970644,19,Tablet 4,2,2,,,collect:iRjTQnCMf93cWfWU,0,205[encrypted:AYmtILkN]
2023-08-18T16:06:56.264Z,2023-08-18T13:02:03.406+03:00,,18/08/2023,1,OK,1,,2,4,1,0,,40,15,38,15,37,15,,,1,5,,1,4,4,4,4,1,2,1,2,2,4,2,1,4,4,5,5,4,5,2,,1,2,3,1,19,11,2,,0,0,0,,,No comments ,No comments ,,uuid:f2fec945-06c1-4021-87fa-5610a3104ab4,uuid:f2fec945-06c1-4021-87fa-5610a3104ab4,19,Tablet 4,2,2,,,collect:iRjTQnCMf93cWfWU,0,205[encrypted:AYmtILkN]
2023-08-18T16:06:54.302Z,2023-08-18T12:30:03.635+03:00,,18/08/2023,1,,1,,2,3,1,0,,37,15,24,15,40,15,,,1,5,,1,5,4,2,2,2,4,4,2,2,4,2,2,4,2,2,4,2,4,2,,1,2,2,1,25,11,2 1,,1,0,3,,,No comment ,NIL ,,uuid:03127a9c-ec3f-41e7-8dfa-c7e05373a446,uuid:03127a9c-ec3f-41e7-8dfa-c7e05373a446,19,Tablet 4,2,2,,,collect:iRjTQnCMf93cWfWU,0,205[encrypted:AYmtILkN]
2023-08-18T16:06:52.434Z,2023-08-18T12:12:16.368+03:00,,18/08/2023,1,OK,1,,2,3,1,0,,40,15,38,15,34,15,,,1,5,,1,3,1,2,1,3,4,3,3,2,1,2,3,4,2,1,2,2,2,4,,1,2,3,3,27,13,2,,1,0,1,,,No comments ,No comments ,,uuid:6f97b9b1-2091-48ec-8fc2-2014fc521ec8,uuid:6f97b9b1-2091-48ec-8fc2-2014fc521ec8,19,Tablet 4,2,2,,,collect:iRjTQnCMf93cWfWU,0,205[encrypted:AYmtILkN]
2023-08-18T16:06:50.371Z,2023-08-18T12:03:06.827+03:00,,18/08/2023,1,OK,1,,2,3,1,0,,40,15,38,15,37,15,,,1,5,,2,5,2,2,1,4,5,4,2,4,5,5,3,4,1,1,4,1,4,5,,1,2,1,1,20,15,10,,0,0,0,,,No comments ,No comments ,,uuid:7aaa26c3-529b-458f-9366-ed569667feb6,uuid:7aaa26c3-529b-458f-9366-ed569667feb6,19,Tablet 4,2,2,,,collect:iRjTQnCMf93cWfWU,0,205[encrypted:AYmtILkN]
2023-08-18T16:06:47.806Z,2023-08-18T11:25:21.317+03:00,,18/08/2023,1,OK,1,,2,1,1,0,,40,15,38,15,37,15,,,1,5,,2,4,4,4,2,4,4,4,2,4,4,2,4,4,2,2,4,2,4,2,,1,2,1,2,27,13,4,,1,0,2,,,No comments ,No comments ,,uuid:97104d7f-562f-408a-b23b-f22281796f6f,uuid:97104d7f-562f-408a-b23b-f22281796f6f,19,Tablet 4,2,2,,,collect:iRjTQnCMf93cWfWU,0,205[encrypted:AYmtILkN]
2023-08-18T16:06:45.223Z,2023-08-18T11:03:58.878+03:00,,18/08/2023,1,OK,1,,2,1,1,0,,40,15,38,15,37,15,,,1,5,,1,4,4,4,3,3,3,4,3,3,4,4,3,3,4,2,3,4,3,4,,1,3,3,3,29,11,4,,0,0,1,,,No comments ,No comments ,,uuid:f84f847e-8210-4d50-b40d-ddcc669baf01,uuid:f84f847e-8210-4d50-b40d-ddcc669baf01,19,Tablet 4,2,2,,,collect:iRjTQnCMf93cWfWU,0,205[encrypted:AYmtILkN]
2023-08-18T16:06:42.652Z,2023-08-18T10:57:43.357+03:00,,18/08/2023,1,OK,1,,2,1,1,0,,40,15,38,15,37,15,,,1,5,,1,4,4,2,2,2,4,4,2,4,2,2,2,4,2,4,4,2,3,2,,1,2,1,1,19,11,2,,0,0,0,,,No comments ,No comments ,,uuid:d24d9a3b-e430-4ca1-9af4-cd1590d2e5c6,uuid:d24d9a3b-e430-4ca1-9af4-cd1590d2e5c6,19,Tablet 4,2,2,,,collect:iRjTQnCMf93cWfWU,0,205[encrypted:AYmtILkN]
2023-08-18T16:06:39.222Z,2023-08-18T10:38:15.031+03:00,,18/08/2023,1,OK,1,,2,1,1,0,,40,15,38,15,37,15,,,1,5,,1,5,5,2,2,4,4,5,2,1,4,1,5,5,4,5,2,5,4,2,,1,2,2,1,29,11,4,,0,0,0,,,No comments ,No comments ,,uuid:6478f464-e47e-49b2-9f25-8e0655b5c874,uuid:6478f464-e47e-49b2-9f25-8e0655b5c874,19,Tablet 4,2,2,,,collect:iRjTQnCMf93cWfWU,0,205[encrypted:AYmtILkN]
2023-08-18T16:06:36.782Z,2023-08-18T10:25:44.380+03:00,,18/08/2023,1,OK,1,,2,1,1,0,,36,15,37,15,24,15,,,1,5,,1,5,1,2,1,2,2,5,1,5,2,1,1,3,3,2,5,5,3,4,,1,2,1,1,25,11,7,,1,0,1,,,No,No,,uuid:cbef9431-0c6c-4cf1-92dd-3d426dd25e57,uuid:cbef9431-0c6c-4cf1-92dd-3d426dd25e57,19,Tablet 4,2,2,,,collect:iRjTQnCMf93cWfWU,0,205[encrypted:AYmtILkN]
2023-08-18T16:06:34.295Z,2023-08-18T10:15:42.092+03:00,,18/08/2023,1,,1,,2,1,1,0,,40,15,24,15,37,15,,,1,5,,1,5,4,1,1,1,4,4,2,4,4,2,4,2,2,4,4,5,5,2,,1,2,2,1,27,10,7 6 1 11,,1,0,2,,,No comment ,NIL ,,uuid:080e99e1-ea56-4f78-970c-b8c55ac4089b,uuid:080e99e1-ea56-4f78-970c-b8c55ac4089b,19,Tablet 4,2,2,,,collect:iRjTQnCMf93cWfWU,0,205[encrypted:AYmtILkN]
2023-08-18T16:06:32.287Z,2023-08-18T10:03:15.140+03:00,,18/08/2023,1,OK,1,,1,1,1,0,,24,15,38,15,40,15,,,1,5,,4,2,2,2,2,4,4,5,4,4,3,2,4,4,2,2,2,2,4,2,,1,2,1,1,24,11,8 2,,0,0,0,,,No comments ,Well cooperate ,,uuid:20defb88-a8e8-4b45-b123-d1a142ea77a6,uuid:20defb88-a8e8-4b45-b123-d1a142ea77a6,19,Tablet 4,2,2,,,collect:iRjTQnCMf93cWfWU,0,205[encrypted:AYmtILkN]
2023-08-17T16:43:21.469Z,2023-08-17T12:45:41.928+03:00,,17/08/2023,1,,1,,2,3,1,0,,24,15,40,15,37,15,,,1,5,,1,5,5,2,4,2,3,5,2,4,3,2,2,2,2,4,5,4,4,2,,1,2,2,2,18,11,10,,0,0,0,,,No comment ,NIL ,,uuid:cd79f8d4-ce8a-4e80-a87a-e59607d2fbc2,uuid:cd79f8d4-ce8a-4e80-a87a-e59607d2fbc2,19,Tablet 4,2,2,,,collect:iRjTQnCMf93cWfWU,0,205[encrypted:AYmtILkN]
2023-08-17T16:43:20.437Z,2023-08-17T12:34:49.485+03:00,,17/08/2023,1,OK,1,,2,1,1,1,,40,15,38,15,37,15,,,1,5,,2,3,2,1,1,3,4,4,2,4,3,3,4,5,2,2,2,1,3,4,,1,2,3,2,24,11,4,,0,0,0,,,No comments ,No comments ,,uuid:32efab34-f917-468f-b2b3-868afc33c067,uuid:32efab34-f917-468f-b2b3-868afc33c067,19,Tablet 4,2,2,,,collect:iRjTQnCMf93cWfWU,0,205[encrypted:AYmtILkN]
2023-08-17T16:43:19.035Z,2023-08-17T12:22:49.443+03:00,,17/08/2023,1,,1,,2,3,1,0,,37,15,40,15,24,15,,,1,5,,2,4,4,2,2,3,4,4,3,4,2,2,3,3,3,2,5,1,2,3,,1,2,2,2,30,11,1 4 11 7 9,,1,0,2,,,No comment ,NIL ,,uuid:6d0e7ba5-e3f7-4535-9046-4602067b87b4,uuid:6d0e7ba5-e3f7-4535-9046-4602067b87b4,19,Tablet 4,2,2,,,collect:iRjTQnCMf93cWfWU,0,205[encrypted:AYmtILkN]
2023-08-17T16:43:17.985Z,2023-08-17T12:11:56.229+03:00,,17/08/2023,1,OK,1,,1,1,1,1,,40,15,38,15,37,15,,,1,5,,2,5,1,1,1,5,4,4,4,4,2,4,4,4,2,2,2,2,4,4,,1,2,1,1,27,11,7 4,,1,0,0,,,No,No,,uuid:62eee9c2-9c8c-4cfb-915c-6703ce373325,uuid:62eee9c2-9c8c-4cfb-915c-6703ce373325,19,Tablet 4,2,2,,,collect:iRjTQnCMf93cWfWU,0,205[encrypted:AYmtILkN]
2023-08-17T16:43:16.928Z,2023-08-17T11:50:25.585+03:00,,17/08/2023,1,OK,1,,2,1,1,1,,40,15,38,15,37,15,,,1,5,,1,4,4,4,2,5,5,5,4,4,5,2,3,4,2,2,3,2,4,4,,1,2,1,3,26,15,4,,0,0,0,,,No comments ,No comments ,,uuid:c107ceec-0d66-4f91-bbb3-665af17d74f2,uuid:c107ceec-0d66-4f91-bbb3-665af17d74f2,19,Tablet 4,2,2,,,collect:iRjTQnCMf93cWfWU,0,205[encrypted:AYmtILkN]
2023-08-17T16:43:15.834Z,2023-08-17T11:06:41.310+03:00,,17/08/2023,1,,1,,1,2,1,0,,40,15,37,15,24,15,,,1,5,,1,4,4,2,2,2,4,4,2,2,4,4,3,2,2,2,4,2,4,4,,1,2,1,2,20,9,10,,0,0,0,,,No comment ,NIL ,,uuid:a1802bae-4ea7-4945-bc9d-c69f16f1e165,uuid:a1802bae-4ea7-4945-bc9d-c69f16f1e165,19,Tablet 4,2,2,,,collect:iRjTQnCMf93cWfWU,0,205[encrypted:AYmtILkN]
2023-08-17T16:43:14.824Z,2023-08-17T10:54:29.000+03:00,,17/08/2023,1,,1,,1,3,1,0,,38,15,24,15,40,15,,,1,5,,4,5,2,2,1,5,5,4,5,5,4,3,3,4,2,2,5,1,3,3,,1,2,2,3,20,14,5,,0,0,0,,,No comment ,Well Cooperate ,,uuid:5a8a5188-b8d0-4506-a691-7949bf71849e,uuid:5a8a5188-b8d0-4506-a691-7949bf71849e,19,Tablet 4,2,2,,,collect:iRjTQnCMf93cWfWU,0,205[encrypted:AYmtILkN]
2023-08-17T16:43:13.732Z,2023-08-17T10:37:17.468+03:00,,17/08/2023,1,OK,1,,2,1,1,0,,24,15,37,15,38,15,,,1,1,,2,2,4,2,2,4,5,4,4,4,2,4,4,4,2,4,4,2,2,4,,1,2,1,1,21,11,4,,0,0,0,,,No,No,,uuid:4bb7b958-4178-42c1-8a52-5268f18c5e65,uuid:4bb7b958-4178-42c1-8a52-5268f18c5e65,19,Tablet 4,2,2,,,collect:iRjTQnCMf93cWfWU,0,205[encrypted:AYmtILkN]
2023-08-17T16:43:12.531Z,2023-08-17T10:15:34.045+03:00,,17/08/2023,1,OK,1,,1,1,1,1,,40,15,38,15,37,15,,,1,5,,2,5,2,2,1,5,5,5,3,5,5,2,4,4,1,2,5,2,3,4,,1,2,1,1,27,15,4,,0,0,0,,,No comments ,No comments ,,uuid:878b499d-73d8-4ca9-a3b2-30d68de56fa5,uuid:878b499d-73d8-4ca9-a3b2-30d68de56fa5,19,Tablet 4,2,2,,,collect:iRjTQnCMf93cWfWU,0,205[encrypted:AYmtILkN]
2023-08-17T16:43:10.543Z,2023-08-17T09:53:15.363+03:00,,17/08/2023,1,,1,,2,3,1,0,,24,0,40,15,37,15,,,1,5,,2,4,5,2,2,4,4,4,4,4,4,2,3,4,2,4,4,4,4,4,,1,2,1,2,20,11,4,,0,0,0,,,No comment ,NIL ,,uuid:ecf86b89-cf22-4ed1-8c98-7555e4d1a336,uuid:ecf86b89-cf22-4ed1-8c98-7555e4d1a336,19,Tablet 4,2,2,,,collect:iRjTQnCMf93cWfWU,0,205[encrypted:AYmtILkN]
2023-08-17T16:43:09.183Z,2023-08-17T09:39:52.972+03:00,,17/08/2023,1,OK,1,,1,1,1,1,,40,15,38,15,37,15,,,1,5,,1,5,2,1,1,4,5,4,3,5,2,2,3,5,2,5,2,1,2,4,,1,2,1,2,22,11,2,,0,0,0,,,No comments ,No comments ,,uuid:c631695d-178e-472c-aef6-7e7cacea16e5,uuid:c631695d-178e-472c-aef6-7e7cacea16e5,19,Tablet 4,2,2,,,collect:iRjTQnCMf93cWfWU,0,205[encrypted:AYmtILkN]
2023-08-17T16:43:07.881Z,2023-08-17T09:26:14.836+03:00,,17/08/2023,1,OK,1,,1,4,1,1,,40,15,38,15,37,15,,,1,5,,2,4,1,1,1,4,5,4,2,4,2,2,4,4,2,2,4,4,2,4,,1,2,2,1,22,11,7,,0,0,0,,,No comments ,No comments ,,uuid:5955e718-a653-47c0-8d8c-acaaae44f17d,uuid:5955e718-a653-47c0-8d8c-acaaae44f17d,19,Tablet 4,2,2,,,collect:iRjTQnCMf93cWfWU,0,205[encrypted:AYmtILkN]
2023-08-15T13:27:21.688Z,2023-08-15T13:12:17.110+03:00,,15/08/2023,1,OK,1,,1,4,1,0,,40,15,38,15,37,15,,,1,5,,1,4,2,1,2,2,4,4,5,4,2,2,4,2,2,1,4,3,1,2,,1,2,2,3,21,7,7,,0,0,0,,,No comments ,No comments ,,uuid:cf17ca3c-ae8a-4c57-9a07-b8168722461d,uuid:cf17ca3c-ae8a-4c57-9a07-b8168722461d,19,Tablet 4,2,2,,,collect:iRjTQnCMf93cWfWU,0,205[encrypted:AYmtILkN]
2023-08-15T13:27:20.675Z,2023-08-15T12:48:27.506+03:00,,15/08/2023,1,OK,1,,1,4,1,0,,40,15,38,15,37,15,,,1,5,,2,5,2,2,1,2,4,2,4,4,5,3,5,2,2,3,5,2,2,4,,1,2,2,3,25,0,7,,1,0,1,,,No comments ,No comments ,,uuid:08f4c429-aba2-4e01-8208-6a9105d68000,uuid:08f4c429-aba2-4e01-8208-6a9105d68000,19,Tablet 4,2,2,,,collect:iRjTQnCMf93cWfWU,0,205[encrypted:AYmtILkN]
2023-08-15T13:27:18.744Z,2023-08-15T12:16:49.461+03:00,,15/08/2023,1,OK,1,,1,4,1,0,,40,15,38,15,37,15,,,1,5,,2,3,2,1,2,5,5,3,2,5,2,4,4,2,2,2,1,2,2,3,,1,2,2,3,25,7,0,,0,0,0,,,No comments ,No comments ,,uuid:e50c386f-9a8f-4804-a94b-dd14c673c3cb,uuid:e50c386f-9a8f-4804-a94b-dd14c673c3cb,19,Tablet 4,2,2,,,collect:iRjTQnCMf93cWfWU,0,205[encrypted:AYmtILkN]
2023-08-15T13:27:17.628Z,2023-08-15T12:01:53.917+03:00,,15/08/2023,1,OK,1,,1,1,1,0,,40,15,38,15,37,15,,,1,5,,2,4,4,1,1,3,4,5,5,4,2,2,4,5,2,2,5,3,4,4,,1,2,1,1,25,11,2,,1,0,2,,,No comments ,No comments ,,uuid:55e2fe9a-f242-4311-a8a2-09ebd83e96d8,uuid:55e2fe9a-f242-4311-a8a2-09ebd83e96d8,19,Tablet 4,2,2,,,collect:iRjTQnCMf93cWfWU,0,205[encrypted:AYmtILkN]
2023-08-15T13:27:16.302Z,2023-08-15T11:10:44.406+03:00,,15/08/2023,1,,1,,1,4,1,0,,24,15,40,15,37,15,,,1,5,,2,5,3,3,2,4,4,4,4,5,1,2,4,4,4,4,5,4,4,5,,1,2,1,3,18,11,2,,0,0,0,,,No comment ,NIL ,,uuid:52b62e1d-58e9-471b-b7a3-96cbfa52184e,uuid:52b62e1d-58e9-471b-b7a3-96cbfa52184e,19,Tablet 4,2,2,,,collect:iRjTQnCMf93cWfWU,0,205[encrypted:AYmtILkN]
2023-08-15T13:27:13.847Z,2023-08-15T10:53:55.872+03:00,,15/08/2023,1,OK,1,,1,4,1,0,,40,15,38,15,37,15,,,1,5,,2,4,2,2,2,3,4,4,3,4,2,2,3,4,2,2,3,2,3,4,,1,2,1,1,19,9,4,,0,0,0,,,No comments ,No comments ,,uuid:856f5484-1c62-4de2-a6c2-72d4a3addb62,uuid:856f5484-1c62-4de2-a6c2-72d4a3addb62,19,Tablet 4,2,2,,,collect:iRjTQnCMf93cWfWU,0,205[encrypted:AYmtILkN]
2023-08-15T13:27:12.682Z,2023-08-15T10:37:25.079+03:00,,15/08/2023,1,,1,,1,4,1,0,,40,15,38,15,37,15,,,1,5,,5,5,1,1,1,5,5,5,5,5,1,4,5,4,1,1,1,1,5,5,,1,2,2,2,26,6,2,,0,0,0,,,No comments ,No comments ,,uuid:c128dc48-ed7c-4f4d-8d07-191adcc5b5ab,uuid:c128dc48-ed7c-4f4d-8d07-191adcc5b5ab,19,Tablet 4,2,2,,,collect:iRjTQnCMf93cWfWU,0,205[encrypted:AYmtILkN]
2023-08-15T13:27:11.681Z,2023-08-15T10:27:29.350+03:00,,15/08/2023,1,OK,1,,1,1,1,0,,24,15,37,15,38,15,,,1,5,,1,1,1,1,1,5,1,5,1,5,4,5,4,4,1,2,5,1,2,4,,1,2,1,1,19,11,98,Fundi ujenzi ,0,0,0,,,No,No,,uuid:cb16964d-5d4e-432c-a44a-ebfe7441c359,uuid:cb16964d-5d4e-432c-a44a-ebfe7441c359,19,Tablet 4,2,2,,,collect:iRjTQnCMf93cWfWU,0,205[encrypted:AYmtILkN]
2023-08-15T13:27:09.836Z,2023-08-15T10:20:43.742+03:00,,15/08/2023,1,OK,1,,1,1,1,0,,40,15,38,15,37,15,,,1,5,,2,2,4,4,2,5,5,5,1,4,2,2,4,4,2,1,5,2,3,2,,1,2,2,3,26,7,8 98,Usanii,0,0,0,,,No comments ,No comments ,,uuid:4af43cd4-3f00-4e95-8c4f-c9082b7af90d,uuid:4af43cd4-3f00-4e95-8c4f-c9082b7af90d,19,Tablet 4,2,2,,,collect:iRjTQnCMf93cWfWU,0,205[encrypted:AYmtILkN]
2023-08-15T13:27:07.894Z,2023-08-15T10:10:48.103+03:00,,15/08/2023,1,OK,1,,2,2,1,0,,40,15,38,15,37,15,,,1,5,,4,4,1,1,1,5,4,4,4,4,2,2,4,4,2,2,3,2,2,4,,1,2,2,2,30,15,2,,1,0,3,,,No comments ,No comments ,,uuid:2a32edd7-f14a-4438-9aa5-c1d7fb67ca15,uuid:2a32edd7-f14a-4438-9aa5-c1d7fb67ca15,19,Tablet 4,2,2,,,collect:iRjTQnCMf93cWfWU,0,205[encrypted:AYmtILkN]
2023-08-14T16:52:40.694Z,2023-08-14T13:49:04.395+03:00,,14/08/2023,1,OK,1,,2,1,1,0,,40,15,38,15,37,15,,,1,5,,2,5,5,2,5,2,2,5,1,5,5,1,1,2,2,4,1,1,3,2,,1,3,1,2,25,11,7,,0,0,0,,,No comments ,No comments ,,uuid:8960f08a-0561-49dc-991c-7852e8d361a9,uuid:8960f08a-0561-49dc-991c-7852e8d361a9,19,Tablet 4,2,2,,,collect:iRjTQnCMf93cWfWU,0,205[encrypted:AYmtILkN]
2023-08-14T16:52:39.691Z,2023-08-14T13:23:10.677+03:00,,14/08/2023,1,OK,1,,2,4,1,0,,40,15,38,15,37,15,,,1,5,,4,4,5,1,5,1,1,1,1,2,1,1,1,3,1,5,5,1,2,5,,1,2,3,2,19,7,0,,0,0,0,,,No comments ,No comments ,,uuid:6fbab7e4-f190-43d7-8e88-4c9f15f218ac,uuid:6fbab7e4-f190-43d7-8e88-4c9f15f218ac,19,Tablet 4,2,2,,,collect:iRjTQnCMf93cWfWU,0,205[encrypted:AYmtILkN]
2023-08-14T16:52:38.462Z,2023-08-14T13:07:03.426+03:00,,14/08/2023,1,OK,1,,1,4,1,0,,40,15,38,15,37,15,,,1,5,,2,4,2,2,2,3,4,3,3,4,3,3,3,4,2,2,4,2,3,4,,1,2,1,3,30,7,7 2,,1,1,2,,,No comments ,No comments ,,uuid:a7c32916-115e-412c-a143-45b5007f2fd4,uuid:a7c32916-115e-412c-a143-45b5007f2fd4,19,Tablet 4,2,2,,,collect:iRjTQnCMf93cWfWU,0,205[encrypted:AYmtILkN]
2023-08-14T16:52:37.454Z,2023-08-14T12:56:54.143+03:00,,14/08/2023,1,OK,1,,2,3,1,0,,40,15,37,15,38,15,,,1,5,,2,4,2,1,1,4,5,2,1,3,2,2,2,4,2,4,4,2,2,4,,1,2,3,3,20,11,0,,0,0,0,,,No comments ,No comments ,,uuid:23cf8fce-e007-4f83-8b73-d993596f7de8,uuid:23cf8fce-e007-4f83-8b73-d993596f7de8,19,Tablet 4,2,2,,,collect:iRjTQnCMf93cWfWU,0,205[encrypted:AYmtILkN]
2023-08-14T16:52:36.463Z,2023-08-14T11:22:47.145+03:00,,14/08/2023,1,,1,,2,2,1,0,,24,15,40,15,37,15,,,1,5,,4,5,2,2,2,4,4,4,2,4,2,2,4,4,4,2,5,2,2,4,,1,2,1,3,23,11,7,,0,0,1,,,No comment ,NIL ,,uuid:d3ed5ba3-993b-4d5f-b47f-483b8c9e5946,uuid:d3ed5ba3-993b-4d5f-b47f-483b8c9e5946,19,Tablet 4,2,2,,,collect:iRjTQnCMf93cWfWU,0,205[encrypted:AYmtILkN]
2023-08-14T16:52:35.420Z,2023-08-14T11:01:07.736+03:00,,14/08/2023,1,,1,,1,3,1,0,,40,15,38,15,24,15,,,1,5,,1,5,1,2,2,2,3,4,4,2,4,2,4,4,1,2,2,2,2,4,,1,2,1,3,24,8,7,,1,0,0,,,No comment ,NIL ,,uuid:f7bd568b-d427-46df-b7a7-cef1780b43de,uuid:f7bd568b-d427-46df-b7a7-cef1780b43de,19,Tablet 4,2,2,,,collect:iRjTQnCMf93cWfWU,0,205[encrypted:AYmtILkN]
2023-08-14T16:52:34.462Z,2023-08-14T10:47:39.329+03:00,,14/08/2023,1,,1,,1,4,1,0,,24,15,40,15,37,15,,,1,5,,1,5,2,2,1,5,4,5,4,4,3,4,4,4,1,4,2,5,2,4,,1,2,1,1,23,10,3 4,,0,0,0,,,No comment ,NIL ,,uuid:3ba74ab6-4af1-4264-af45-c72e6ede7add,uuid:3ba74ab6-4af1-4264-af45-c72e6ede7add,19,Tablet 4,2,2,,,collect:iRjTQnCMf93cWfWU,0,205[encrypted:AYmtILkN]
2023-08-14T16:52:33.437Z,2023-08-14T10:32:08.232+03:00,,14/08/2023,1,OK,1,,2,3,1,0,,38,15,37,15,40,15,,,1,5,,2,1,4,2,1,1,2,2,1,4,3,2,4,4,2,1,4,2,2,4,,1,2,1,1,21,11,0,,0,0,0,,,No comments ,No comments ,,uuid:06396939-b4c6-428b-a5d7-719f9034d794,uuid:06396939-b4c6-428b-a5d7-719f9034d794,19,Tablet 4,2,2,,,collect:iRjTQnCMf93cWfWU,0,205[encrypted:AYmtILkN]
2023-08-14T16:52:31.983Z,2023-08-14T10:16:37.059+03:00,,14/08/2023,1,OK,1,,1,1,1,0,,24,15,37,15,38,15,,,1,5,,2,4,1,1,2,4,4,4,2,3,1,2,2,4,1,1,5,2,2,4,,1,2,2,1,21,7,7 98,Bodaboda,0,0,0,,,No,No,,uuid:97115c7a-16d4-4103-a3c2-51add3ab1eff,uuid:97115c7a-16d4-4103-a3c2-51add3ab1eff,19,Tablet 4,2,2,,,collect:iRjTQnCMf93cWfWU,0,205[encrypted:AYmtILkN]
2023-08-14T16:52:30.408Z,2023-08-14T10:07:39.433+03:00,,14/08/2023,1,OK,1,,1,4,1,0,,37,15,38,15,40,15,,,1,5,,1,5,3,2,2,2,4,3,2,2,2,2,3,2,2,4,2,5,4,5,,1,2,1,3,25,7,7 11 1,,1,1,0,,,No comments ,No comments ,,uuid:0f153ec5-9dc1-40b9-8180-dbd8c6396336,uuid:0f153ec5-9dc1-40b9-8180-dbd8c6396336,19,Tablet 4,2,2,,,collect:iRjTQnCMf93cWfWU,0,205[encrypted:AYmtILkN]
2023-08-12T13:33:30.347Z,2023-08-11T14:14:56.547+03:00,,11/08/2023,1,OK,1,,1,4,1,0,,37,15,24,15,38,15,,,1,1,,1,3,4,2,1,5,5,4,3,5,3,2,2,5,1,5,5,1,1,1,,1,2,2,2,18,12,10,,0,0,0,,,No,No,,uuid:c97f70c3-3ab3-4b64-b610-729636124bf4,uuid:c97f70c3-3ab3-4b64-b610-729636124bf4,19,Tablet 4,2,2,,,collect:iRjTQnCMf93cWfWU,0,205[encrypted:AYmtILkN]
2023-08-12T13:33:28.503Z,2023-08-11T12:47:32.097+03:00,,11/08/2023,1,,1,,2,2,1,0,,38,15,40,15,24,15,,,1,5,,4,5,1,1,1,2,4,4,4,4,2,2,4,5,2,2,2,1,4,4,,1,2,3,1,26,14,5,,0,0,1,,,No comment ,NIL ,,uuid:fce0881b-943f-4dec-9c9f-3c4ebdacd447,uuid:fce0881b-943f-4dec-9c9f-3c4ebdacd447,19,Tablet 4,2,2,,,collect:iRjTQnCMf93cWfWU,0,205[encrypted:AYmtILkN]
2023-08-12T13:33:26.606Z,2023-08-11T12:36:46.231+03:00,,11/08/2023,1,,1,,2,2,1,0,,37,15,24,15,40,15,,,1,5,,1,4,1,2,2,2,3,4,4,4,3,2,2,4,1,2,4,1,4,4,,1,2,1,3,24,11,7 1,,0,0,0,,,No comment ,NIL ,,uuid:7591b553-082b-4ad2-8b0a-1330811bda93,uuid:7591b553-082b-4ad2-8b0a-1330811bda93,19,Tablet 4,2,2,,,collect:iRjTQnCMf93cWfWU,0,205[encrypted:AYmtILkN]
2023-08-12T13:33:24.720Z,2023-08-11T12:29:43.796+03:00,,11/08/2023,1,OK,1,,2,3,1,0,,40,15,38,15,37,15,,,1,5,,3,3,1,1,1,5,5,5,5,5,3,1,5,5,1,3,5,3,2,5,,1,2,1,2,19,11,0,,0,0,0,,,No comments ,No comments ,,uuid:d73df1da-7fa4-420d-b943-05492ca95427,uuid:d73df1da-7fa4-420d-b943-05492ca95427,19,Tablet 4,2,2,,,collect:iRjTQnCMf93cWfWU,0,205[encrypted:AYmtILkN]
2023-08-12T13:33:22.825Z,2023-08-11T10:58:35.877+03:00,,11/08/2023,1,,1,,1,1,1,0,,24,15,40,15,37,15,,,1,5,,1,5,5,5,1,4,4,5,4,4,4,2,3,5,4,4,5,2,2,3,,1,2,1,3,24,11,4,,0,0,0,,,No comment ,NIL ,,uuid:c679a517-6879-4a8c-a4c7-7be55c90c5f1,uuid:c679a517-6879-4a8c-a4c7-7be55c90c5f1,19,Tablet 4,2,2,,,collect:iRjTQnCMf93cWfWU,0,205[encrypted:AYmtILkN]
2023-08-12T13:33:20.856Z,2023-08-11T10:42:24.999+03:00,,11/08/2023,1,,1,,1,2,1,0,,24,15,37,15,40,15,,,1,5,,1,3,3,3,5,5,4,4,5,5,3,3,2,5,2,3,5,5,4,5,,1,2,1,1,20,7,4 1,,0,0,0,,,No comment ,NIL ,,uuid:d095b462-2eb8-4006-bfd4-3cc8759929fe,uuid:d095b462-2eb8-4006-bfd4-3cc8759929fe,19,Tablet 4,2,2,,,collect:iRjTQnCMf93cWfWU,0,205[encrypted:AYmtILkN]
2023-08-12T13:33:18.924Z,2023-08-11T10:27:22.932+03:00,,11/08/2023,1,OK,1,,1,4,1,0,,40,15,38,15,37,15,,,1,5,,3,5,5,2,2,4,5,5,2,4,5,2,4,2,2,5,4,4,4,4,,1,2,3,3,28,7,7,,1,0,2,,,No comments ,No comments ,,uuid:5f47c426-ead6-43bc-a3bd-89ad15ffadff,uuid:5f47c426-ead6-43bc-a3bd-89ad15ffadff,19,Tablet 4,2,2,,,collect:iRjTQnCMf93cWfWU,0,205[encrypted:AYmtILkN]
2023-08-12T13:33:16.981Z,2023-08-11T10:19:43.578+03:00,,11/08/2023,1,OK,1,,2,2,1,0,,40,15,38,15,37,15,,,1,5,,1,5,1,1,1,4,4,4,1,4,4,2,4,4,1,2,2,2,4,4,,1,2,2,3,22,11,10,,0,0,0,,,No comments ,No comments ,,uuid:3410c33d-daa2-4461-aa1e-fc475f0e2545,uuid:3410c33d-daa2-4461-aa1e-fc475f0e2545,19,Tablet 4,2,2,,,collect:iRjTQnCMf93cWfWU,0,205[encrypted:AYmtILkN]
2023-08-12T13:33:15.084Z,2023-08-11T10:08:22.040+03:00,,,1,OK,1,,1,1,1,0,,37,15,24,15,38,15,,,1,5,,4,2,1,1,1,4,5,5,5,4,3,5,3,5,1,2,1,1,3,4,,1,2,1,1,21,15,10,,0,0,0,,,No,No,,uuid:a754034f-1c19-4da1-ad5c-588497235a02,uuid:a754034f-1c19-4da1-ad5c-588497235a02,19,Tablet 4,2,2,,,collect:iRjTQnCMf93cWfWU,0,205[encrypted:AYmtILkN]
2023-08-12T13:33:13.131Z,2023-08-11T09:56:00.982+03:00,,11/08/2023,1,OK,1,,1,4,1,0,,40,15,38,15,37,15,,,1,5,,2,4,4,5,4,4,5,3,2,4,5,3,4,4,5,2,5,2,5,5,,1,2,3,2,21,11,7,,0,0,0,,,No comments ,No comments ,,uuid:602a03aa-d945-4c10-9a3e-f234b2e0bd60,uuid:602a03aa-d945-4c10-9a3e-f234b2e0bd60,19,Tablet 4,2,2,,,collect:iRjTQnCMf93cWfWU,0,205[encrypted:AYmtILkN]
2023-08-10T16:20:12.886Z,2023-08-10T13:41:41.856+03:00,,10/08/2023,1,OK,1,,2,2,1,0,,38,15,37,15,40,15,,,1,5,,4,4,2,1,1,4,5,4,2,4,3,2,5,4,4,2,5,4,1,4,,1,2,1,2,19,11,0,,0,0,0,,,No comments ,No comments ,,uuid:be0d19df-7663-4242-9619-0c9f125d9c60,uuid:be0d19df-7663-4242-9619-0c9f125d9c60,19,Tablet 4,2,2,,,collect:iRjTQnCMf93cWfWU,0,205[encrypted:AYmtILkN]
2023-08-10T16:20:11.570Z,2023-08-10T12:57:18.578+03:00,,10/08/2023,1,OK,1,,2,1,1,0,,40,15,38,15,37,15,,,1,5,,2,4,4,2,2,2,4,5,4,4,2,2,4,5,1,2,2,2,4,4,,1,2,1,2,27,13,2,,0,0,0,,,No comments ,No comments ,,uuid:eba9d32f-e21c-4cd4-9990-17033f17435e,uuid:eba9d32f-e21c-4cd4-9990-17033f17435e,19,Tablet 4,2,2,,,collect:iRjTQnCMf93cWfWU,0,205[encrypted:AYmtILkN]
2023-08-10T16:20:10.364Z,2023-08-10T12:34:04.353+03:00,,10/08/2023,1,OK,1,,2,1,1,0,,24,15,37,15,38,15,,,1,5,,2,5,4,1,1,1,5,4,2,3,1,3,5,4,2,2,3,3,4,2,,1,2,1,1,29,7,1,,0,1,4,,,No,No,,uuid:41997779-a799-40de-96ae-93fa535ef1e2,uuid:41997779-a799-40de-96ae-93fa535ef1e2,19,Tablet 4,2,2,,,collect:iRjTQnCMf93cWfWU,0,205[encrypted:AYmtILkN]
2023-08-10T16:20:09.264Z,2023-08-10T12:25:24.605+03:00,,10/08/2023,1,OK,1,,2,3,1,1,,38,15,37,15,40,15,,,1,5,,3,4,4,3,2,4,4,4,4,4,2,2,3,4,2,1,4,4,2,4,,1,2,2,2,25,10,2,,1,0,2,,,No comments ,No comments ,,uuid:2a67cea0-df4a-4e02-b3e8-22872aed128c,uuid:2a67cea0-df4a-4e02-b3e8-22872aed128c,19,Tablet 4,2,2,,,collect:iRjTQnCMf93cWfWU,0,205[encrypted:AYmtILkN]
2023-08-10T16:20:08.261Z,2023-08-10T11:36:41.824+03:00,,10/08/2023,1,,1,,1,2,1,0,,40,15,37,15,24,15,,,1,5,,2,5,4,2,4,2,3,4,4,4,3,2,2,4,2,2,2,4,4,3,,1,2,3,3,21,7,1 6 8,,0,1,1,,,No comment ,NIL ,,uuid:a645f08f-8d9b-4848-bb0f-448fc9519168,uuid:a645f08f-8d9b-4848-bb0f-448fc9519168,19,Tablet 4,2,2,,,collect:iRjTQnCMf93cWfWU,0,205[encrypted:AYmtILkN]
2023-08-10T16:20:06.978Z,2023-08-10T11:11:09.723+03:00,,10/08/2023,1,,1,,2,2,1,0,,24,15,37,15,40,15,,,1,5,,4,5,4,1,1,4,5,4,4,5,4,4,4,4,2,2,4,2,3,4,,1,2,2,3,18,11,10,,0,0,0,,,No comment ,NIL ,,uuid:9b86e3aa-fa0d-408d-ab17-2572804b0319,uuid:9b86e3aa-fa0d-408d-ab17-2572804b0319,19,Tablet 4,2,2,,,collect:iRjTQnCMf93cWfWU,0,205[encrypted:AYmtILkN]
2023-08-10T16:20:05.937Z,2023-08-10T10:57:14.616+03:00,,,1,OK,1,,1,4,1,0,,38,15,37,15,40,15,,,1,5,,2,4,2,2,2,2,4,2,2,2,3,2,4,4,2,2,2,2,2,4,,1,2,1,3,22,15,2,,0,0,0,,,No comments ,No comments ,,uuid:dc97f17d-1624-4f9d-a3ba-8f33fee81709,uuid:dc97f17d-1624-4f9d-a3ba-8f33fee81709,19,Tablet 4,2,2,,,collect:iRjTQnCMf93cWfWU,0,205[encrypted:AYmtILkN]
2023-08-10T16:20:04.773Z,2023-08-10T10:34:37.474+03:00,,10/08/2023,1,,1,,2,2,1,0,,38,15,24,15,40,15,,,1,5,,1,5,5,2,1,5,5,4,2,2,2,2,2,4,1,2,5,2,4,2,,1,2,1,3,18,7,1 2,,0,0,0,,,No comment/ question,Good cooperation ,,uuid:889e2dce-e1ad-4376-ab9d-b60eeceedd16,uuid:889e2dce-e1ad-4376-ab9d-b60eeceedd16,19,Tablet 4,2,2,,,collect:iRjTQnCMf93cWfWU,0,205[encrypted:AYmtILkN]
2023-08-10T16:20:02.960Z,2023-08-10T10:22:10.626+03:00,,10/08/2023,1,OK,1,,1,1,1,0,,24,15,37,15,38,15,,,1,5,,1,5,2,2,2,5,5,4,2,4,2,2,2,5,2,2,4,1,2,4,,1,2,1,1,28,7,7,,0,0,0,,,No,No,,uuid:62e80638-fdf5-4ffe-a3b9-e8d943b0e110,uuid:62e80638-fdf5-4ffe-a3b9-e8d943b0e110,19,Tablet 4,2,2,,,collect:iRjTQnCMf93cWfWU,0,205[encrypted:AYmtILkN]
2023-08-09T17:08:40.955Z,2023-08-09T14:14:14.435+03:00,,09/08/2023,1,OK,1,,1,4,1,0,,40,15,38,15,37,15,,,1,5,,2,4,2,1,2,5,5,4,2,5,2,2,5,5,2,1,1,1,3,4,,1,2,3,3,27,7,1 8,,0,0,0,,,No comments ,No comments ,,uuid:1af0fb04-c27d-4e8a-b4e0-84571ebe2171,uuid:1af0fb04-c27d-4e8a-b4e0-84571ebe2171,19,Tablet 4,2,2,,,collect:iRjTQnCMf93cWfWU,0,205[encrypted:AYmtILkN]
2023-08-09T17:08:39.789Z,2023-08-09T13:11:08.278+03:00,,09/08/2023,1,,1,,1,1,1,0,,24,15,37,15,40,15,,,1,5,,2,4,2,4,2,4,5,4,4,4,3,2,4,2,4,2,4,2,4,4,,1,2,1,1,27,11,1,,0,0,0,,,No comment ,NIL ,,uuid:23458e85-77c4-4cbc-9864-5c9c0d995e79,uuid:23458e85-77c4-4cbc-9864-5c9c0d995e79,19,Tablet 4,2,2,,,collect:iRjTQnCMf93cWfWU,0,205[encrypted:AYmtILkN]
2023-08-09T17:08:38.671Z,2023-08-09T12:58:47.871+03:00,,09/08/2023,1,,1,,1,2,1,0,,24,15,40,15,37,15,,,1,5,,2,5,2,2,1,4,4,3,4,4,2,4,4,4,1,2,4,2,2,4,,1,2,1,2,27,11,2 1,,1,0,1,,,No comment ,NIL ,,uuid:9623e914-0c06-464d-8757-bb9c1beb54eb,uuid:9623e914-0c06-464d-8757-bb9c1beb54eb,19,Tablet 4,2,2,,,collect:iRjTQnCMf93cWfWU,0,205[encrypted:AYmtILkN]
2023-08-09T17:08:37.686Z,2023-08-09T11:05:37.404+03:00,,09/08/2023,1,OK,1,,1,4,1,0,,37,15,38,15,40,15,,,1,5,,1,3,5,4,5,2,2,3,2,5,5,4,4,5,2,4,2,1,2,2,,1,2,1,3,20,4,8,,1,0,1,,,No comments ,No comments ,,uuid:817b213f-a8b5-4ae9-95f6-8a8e82fce542,uuid:817b213f-a8b5-4ae9-95f6-8a8e82fce542,19,Tablet 4,2,2,,,collect:iRjTQnCMf93cWfWU,0,205[encrypted:AYmtILkN]
2023-08-09T17:08:36.386Z,2023-08-09T10:32:48.191+03:00,,09/08/2023,1,OK,1,,1,2,1,0,,38,15,37,15,40,15,,,1,5,,2,2,5,1,4,3,4,2,4,2,4,2,2,4,1,5,4,2,1,2,,1,2,3,3,18,7,0,,0,0,0,,,No comments ,No comments ,,uuid:b7d4f9d2-858f-4e52-a643-73716dd2d235,uuid:b7d4f9d2-858f-4e52-a643-73716dd2d235,19,Tablet 4,2,2,,,collect:iRjTQnCMf93cWfWU,0,205[encrypted:AYmtILkN]
2023-08-09T17:08:35.331Z,2023-08-09T10:21:52.890+03:00,,09/08/2023,1,,1,,1,1,1,0,,38,15,24,15,40,15,,,1,5,,2,4,2,2,1,5,5,5,4,4,4,2,2,4,2,4,4,2,2,4,,1,2,1,3,23,11,2,,1,0,1,,,No comments ,Well cooperate ,,uuid:3779b096-8623-4209-8bf6-727421d2af27,uuid:3779b096-8623-4209-8bf6-727421d2af27,19,Tablet 4,2,2,,,collect:iRjTQnCMf93cWfWU,0,205[encrypted:AYmtILkN]
2023-08-07T18:27:10.231Z,2023-08-07T12:19:59.877+03:00,,07/08/2023,1,,1,,2,3,1,0,,24,15,37,15,40,15,,,1,5,,1,5,1,1,5,5,5,5,4,2,5,2,3,3,2,4,5,5,5,5,,1,2,1,1,21,7,8,,0,0,0,,,No comment ,NIL ,,uuid:6563a680-715d-4bc6-bfa8-fd64dccb34a2,uuid:6563a680-715d-4bc6-bfa8-fd64dccb34a2,19,Tablet 4,2,2,,,collect:iRjTQnCMf93cWfWU,0,205[encrypted:AYmtILkN]
2023-08-07T18:27:08.574Z,2023-08-07T12:07:39.595+03:00,,07/08/2023,1,,1,,2,1,1,0,,40,15,37,15,24,15,,,1,5,,2,5,2,2,2,5,5,4,3,4,3,1,3,4,3,3,5,3,3,4,,1,2,1,2,23,11,4 9,,0,0,1,,,No comment ,NIL ,,uuid:2e180c71-962c-4d0a-9879-11a6119293fb,uuid:2e180c71-962c-4d0a-9879-11a6119293fb,19,Tablet 4,2,2,,,collect:iRjTQnCMf93cWfWU,0,205[encrypted:AYmtILkN]
2023-08-07T18:27:07.008Z,2023-08-07T11:51:16.551+03:00,,07/08/2023,1,OK,1,,2,1,1,0,,37,15,38,15,24,15,,,1,5,,2,3,2,5,2,4,4,5,4,4,2,3,4,4,2,2,4,4,2,4,,1,2,1,1,22,11,98,Sanaa,0,0,0,,,N0,No,,uuid:876865cc-76f0-4694-8d8a-d6a1e38e6b7b,uuid:876865cc-76f0-4694-8d8a-d6a1e38e6b7b,19,Tablet 4,2,2,,,collect:iRjTQnCMf93cWfWU,0,205[encrypted:AYmtILkN]
2023-08-07T18:27:05.851Z,2023-08-07T11:40:11.291+03:00,,07/08/2023,1,,1,,2,1,1,0,,40,15,24,15,38,15,,,1,5,,2,4,4,3,2,3,4,4,2,4,4,2,3,4,2,2,2,2,4,4,,1,2,1,3,23,7,7,,0,0,0,,,No comment ,Good communication ,,uuid:a08df47c-9605-4164-a003-23f747b8effe,uuid:a08df47c-9605-4164-a003-23f747b8effe,19,Tablet 4,2,2,,,collect:iRjTQnCMf93cWfWU,0,205[encrypted:AYmtILkN]
2023-08-07T18:27:03.766Z,2023-08-07T11:32:17.035+03:00,,07/08/2023,1,OK,1,,2,1,1,0,,37,15,38,15,40,15,,,1,5,,4,5,4,2,1,5,5,5,3,5,3,2,2,4,1,2,5,1,1,5,,1,2,1,3,21,11,8,,0,0,0,,,No comments ,No comments ,,uuid:61229967-b56e-4a81-9dec-74649d30246c,uuid:61229967-b56e-4a81-9dec-74649d30246c,19,Tablet 4,2,2,,,collect:iRjTQnCMf93cWfWU,0,205[encrypted:AYmtILkN]
2023-08-07T18:27:02.426Z,2023-08-07T11:24:49.031+03:00,,07/08/2023,1,OK,1,,2,1,1,0,,37,15,38,15,40,15,,,1,5,,4,2,2,1,1,3,5,4,2,3,2,3,5,4,2,2,3,1,3,5,,1,2,1,2,19,9,8 1 11,,0,0,0,,,No comments ,No comments ,,uuid:5c41249a-05b8-4992-a50d-6e7cc4687b2a,uuid:5c41249a-05b8-4992-a50d-6e7cc4687b2a,19,Tablet 4,2,2,,,collect:iRjTQnCMf93cWfWU,0,205[encrypted:AYmtILkN]
2023-08-07T18:27:01.025Z,2023-08-07T11:11:24.945+03:00,,07/08/2023,1,,1,,2,1,1,0,,37,15,40,15,24,15,,,1,5,,1,5,1,1,1,5,5,4,4,4,2,2,4,4,2,1,5,2,3,4,,1,2,1,3,21,11,8 4,,0,0,0,,,No comment ,NIL ,,uuid:8759448a-b19f-489d-94c4-93d9c2360dc4,uuid:8759448a-b19f-489d-94c4-93d9c2360dc4,19,Tablet 4,2,2,,,collect:iRjTQnCMf93cWfWU,0,205[encrypted:AYmtILkN]
2023-08-07T18:26:59.573Z,2023-08-07T10:37:13.791+03:00,,07/08/2023,1,,1,,2,3,1,0,,24,15,40,15,37,15,,,1,5,,1,5,4,3,2,5,5,5,4,3,4,3,3,2,1,1,3,5,4,2,,1,2,2,3,22,7,1 8 6,,1,0,1,,,No comment ,NIL ,,uuid:c817711b-d5c4-44f2-9bfa-fc251a23476d,uuid:c817711b-d5c4-44f2-9bfa-fc251a23476d,19,Tablet 4,2,2,,,collect:iRjTQnCMf93cWfWU,0,205[encrypted:AYmtILkN]
2023-08-07T18:26:58.265Z,2023-08-07T10:18:53.794+03:00,,07/08/2023,1,OK,1,,1,1,1,0,,24,15,38,15,37,15,,,1,5,,1,4,2,3,3,4,5,3,1,2,3,5,5,4,4,2,5,4,2,2,,1,2,1,1,28,0,1,,1,0,2,,,No,No,,uuid:35352452-0257-4b1d-a1e6-c67f1ac91235,uuid:35352452-0257-4b1d-a1e6-c67f1ac91235,19,Tablet 4,2,2,,,collect:iRjTQnCMf93cWfWU,0,205[encrypted:AYmtILkN]
2023-08-07T18:26:57.142Z,2023-08-07T10:09:19.624+03:00,,07/08/2023,1,OK,1,,2,1,1,0,,40,15,38,15,24,15,,,1,5,,1,4,3,1,1,4,3,2,2,2,3,3,2,2,2,2,2,2,2,2,,1,2,1,1,23,7,2 1,,1,0,2,,,No question or comment ,Well cooperate ,,uuid:26621f9e-adc7-4906-a810-d90036a36579,uuid:26621f9e-adc7-4906-a810-d90036a36579,19,Tablet 4,2,2,,,collect:iRjTQnCMf93cWfWU,0,205[encrypted:AYmtILkN]
2023-08-07T18:26:56.104Z,2023-08-07T09:50:55.666+03:00,,07/08/2023,1,OK,1,,1,1,1,0,,37,15,38,15,40,15,,,1,5,,1,4,2,1,1,4,4,5,4,4,2,3,3,4,2,2,4,1,4,4,,1,2,3,3,20,7,8 1,,1,0,1,,,No comments ,No comments ,,uuid:4fb07d92-e2a7-466d-bb3a-b1d224372565,uuid:4fb07d92-e2a7-466d-bb3a-b1d224372565,19,Tablet 4,2,2,,,collect:iRjTQnCMf93cWfWU,0,205[encrypted:AYmtILkN]
2023-08-06T16:44:10.337Z,2023-08-04T12:04:37.094+03:00,,04/08/2023,1,OK,1,,2,4,1,0,,37,15,38,15,40,15,,,1,5,,1,5,5,5,2,3,4,5,2,4,4,2,4,4,2,3,5,4,2,4,,1,2,2,2,28,11,7 8 1,,0,1,0,,,No comments ,No comments ,,uuid:f7244efc-b149-4e05-874f-55e2722f29aa,uuid:f7244efc-b149-4e05-874f-55e2722f29aa,19,Tablet 4,2,2,,,collect:iRjTQnCMf93cWfWU,0,205[encrypted:AYmtILkN]
2023-08-06T16:44:09.371Z,2023-08-04T11:43:51.071+03:00,,04/08/2023,1,OK,1,,1,4,1,0,,37,15,38,15,40,15,,,1,5,,2,5,1,1,1,5,5,3,2,4,2,4,4,5,4,2,3,2,2,4,,1,2,2,3,28,15,10,,0,0,0,,,No comments ,No comments ,,uuid:7b5433f1-eed1-4edd-91a5-6bbbc52ee200,uuid:7b5433f1-eed1-4edd-91a5-6bbbc52ee200,19,Tablet 4,2,2,,,collect:iRjTQnCMf93cWfWU,0,205[encrypted:AYmtILkN]
2023-08-06T16:44:08.190Z,2023-08-04T11:32:55.941+03:00,,04/08/2023,1,OK,1,,1,2,1,0,,37,15,24,15,38,15,,,1,1,,1,4,2,1,1,4,5,5,3,4,2,1,4,2,2,1,4,1,4,5,,1,2,3,3,26,15,10,,0,0,0,,,No,No,,uuid:f51ead43-5351-4ac7-a886-d2456cee1358,uuid:f51ead43-5351-4ac7-a886-d2456cee1358,19,Tablet 4,2,2,,,collect:iRjTQnCMf93cWfWU,0,205[encrypted:AYmtILkN]
2023-08-06T16:44:07.327Z,2023-08-04T10:52:31.556+03:00,,04/08/2023,1,OK,1,,1,1,1,0,,40,15,24,15,37,15,,,1,5,,2,4,3,2,2,4,3,4,4,4,2,3,3,2,2,2,4,4,4,4,,1,2,1,1,24,5,4,,0,0,0,,,No any comment ,NIL ,,uuid:3d5c4211-8568-4689-830d-1980260a3f98,uuid:3d5c4211-8568-4689-830d-1980260a3f98,19,Tablet 4,2,2,,,collect:iRjTQnCMf93cWfWU,0,205[encrypted:AYmtILkN]
2023-08-06T16:44:06.139Z,2023-08-04T10:38:10.424+03:00,,04/08/2023,1,OK,1,,1,1,1,0,,37,15,24,15,38,15,,,1,5,,1,5,2,1,2,4,2,5,1,2,4,1,2,4,2,2,1,1,5,2,,1,2,1,1,25,5,4,,1,0,1,,,No,No,,uuid:18e06040-7f76-4771-8f06-55f4fbcbb76d,uuid:18e06040-7f76-4771-8f06-55f4fbcbb76d,19,Tablet 4,2,2,,,collect:iRjTQnCMf93cWfWU,0,205[encrypted:AYmtILkN]
2023-08-06T16:44:05.149Z,2023-08-04T10:25:46.680+03:00,,04/08/2023,1,OK,1,,1,1,1,0,,37,15,24,15,38,15,,,1,5,,1,4,1,1,1,5,5,5,2,4,2,4,4,5,1,1,5,1,2,4,,1,2,1,1,23,7,4,,,0,0,,,No,No,,uuid:8098de94-60c4-433a-9ba5-0a46231479ea,uuid:8098de94-60c4-433a-9ba5-0a46231479ea,19,Tablet 4,2,2,,,collect:iRjTQnCMf93cWfWU,0,205[encrypted:AYmtILkN]
2023-08-06T16:44:04.247Z,2023-08-04T10:16:02.335+03:00,,04/08/2023,1,OK,1,,1,4,1,0,,38,15,40,15,37,15,,,1,5,,1,3,3,4,5,2,3,4,2,5,5,2,2,5,2,2,2,5,4,5,,1,2,3,3,30,7,6,,1,1,2,,,No comments ,No comments ,,uuid:b8c3faec-7105-42a6-8f9b-c389e2924a22,uuid:b8c3faec-7105-42a6-8f9b-c389e2924a22,19,Tablet 4,2,2,,,collect:iRjTQnCMf93cWfWU,0,205[encrypted:AYmtILkN]
2023-08-06T16:44:03.041Z,2023-08-04T10:05:58.464+03:00,,04/08/2023,1,OK,1,,1,4,1,0,,37,15,38,15,40,15,,,1,5,,4,5,1,1,1,4,3,4,5,4,1,4,4,5,2,2,2,2,2,4,,1,2,2,3,26,11,8,,1,0,1,,,No comments ,No comments ,,uuid:903e153f-828d-4fba-a199-5f57a0eba14b,uuid:903e153f-828d-4fba-a199-5f57a0eba14b,19,Tablet 4,2,2,,,collect:iRjTQnCMf93cWfWU,0,205[encrypted:AYmtILkN]
2023-08-06T16:44:02.060Z,2023-08-04T09:53:41.461+03:00,,04/08/2023,1,OK,1,,2,1,1,0,,24,15,38,15,40,15,,,1,5,,1,5,5,4,5,2,2,4,2,4,5,2,1,4,5,2,5,4,4,2,,1,2,1,3,19,11,10,,0,0,0,,,No comments ,Good cooperate ,,uuid:2b437500-7d9a-439e-bdec-572404d00765,uuid:2b437500-7d9a-439e-bdec-572404d00765,19,Tablet 4,2,2,,,collect:iRjTQnCMf93cWfWU,0,205[encrypted:AYmtILkN]
2023-08-06T16:44:01.081Z,2023-08-04T09:42:58.325+03:00,,04/08/2023,1,OK,1,,1,1,1,0,,38,15,24,15,40,15,,,1,5,,1,5,5,5,2,2,2,2,4,2,4,2,4,4,2,2,4,4,4,2,,1,2,1,3,21,3,7 8,,0,0,0,,,No comments ,Well cooperate ,,uuid:0be322e3-a395-4651-8b72-0d88651547ac,uuid:0be322e3-a395-4651-8b72-0d88651547ac,19,Tablet 4,2,2,,,collect:iRjTQnCMf93cWfWU,0,205[encrypted:AYmtILkN]
2023-08-06T16:43:59.841Z,2023-08-04T09:34:40.846+03:00,,04/08/2023,1,OK,1,,1,1,1,0,,37,15,38,15,40,15,,,1,5,,1,5,1,1,1,4,5,5,1,4,5,2,4,4,1,4,5,2,1,5,,1,2,3,3,26,15,2 1,,1,0,0,,,No comments ,No comments ,,uuid:8a6822af-04c1-4338-9b30-540394e2c623,uuid:8a6822af-04c1-4338-9b30-540394e2c623,19,Tablet 4,2,2,,,collect:iRjTQnCMf93cWfWU,0,205[encrypted:AYmtILkN]
2023-08-03T18:03:26.008Z,2023-08-03T13:13:23.595+03:00,,03/08/2023,1,,1,,1,2,1,0,,40,15,24,15,37,15,,,1,5,,1,5,1,1,1,2,5,4,5,4,4,4,4,4,1,4,2,2,4,4,,1,2,1,1,28,7,2,,0,0,2,,,No any comment ,NIL,,uuid:3edb89c6-f489-485f-9d71-9b1d4b14be1f,uuid:3edb89c6-f489-485f-9d71-9b1d4b14be1f,19,Tablet 4,2,2,,,collect:iRjTQnCMf93cWfWU,0,205[encrypted:AYmtILkN]
2023-08-03T18:03:24.948Z,2023-08-03T11:25:01.853+03:00,,03/08/2023,1,,1,,1,1,1,0,,24,15,40,15,37,15,,,1,5,,1,5,4,2,2,1,4,4,5,5,2,3,3,4,1,1,2,4,3,4,,1,2,2,3,20,9,4,,0,0,0,,,Pesa ya asante ,NIL ,,uuid:1f2f90cf-c9ae-41e2-94c5-5665f96adf73,uuid:1f2f90cf-c9ae-41e2-94c5-5665f96adf73,19,Tablet 4,2,2,,,collect:iRjTQnCMf93cWfWU,0,205[encrypted:AYmtILkN]
2023-08-03T18:03:24.023Z,2023-08-03T11:11:53.613+03:00,,03/08/2023,1,,1,,1,1,1,0,,37,15,24,15,40,15,,,1,5,,1,5,5,1,1,5,5,5,4,5,3,2,4,5,1,1,4,5,5,1,,1,2,1,3,29,11,7,,0,0,0,,,Pesa kwa ajili  ya asante ,NIL,,uuid:390daa8a-046b-4ac3-a0ed-20f3efa6e965,uuid:390daa8a-046b-4ac3-a0ed-20f3efa6e965,19,Tablet 4,2,2,,,collect:iRjTQnCMf93cWfWU,0,205[encrypted:AYmtILkN]
2023-08-03T18:03:23.155Z,2023-08-03T11:04:05.553+03:00,,03/08/2023,1,OK,1,,1,4,1,0,,40,15,38,15,37,15,,,1,5,,2,2,5,4,5,3,2,2,2,4,3,2,2,4,2,4,4,1,2,1,,1,2,2,3,18,7,0,,0,0,0,,,No comments ,No comments ,,uuid:c17e745d-03ec-4e5f-997c-69a4d3a55cf2,uuid:c17e745d-03ec-4e5f-997c-69a4d3a55cf2,19,Tablet 4,2,2,,,collect:iRjTQnCMf93cWfWU,0,205[encrypted:AYmtILkN]
2023-08-03T18:03:22.015Z,2023-08-03T10:53:04.177+03:00,,03/08/2023,1,,1,,1,1,1,0,,24,15,40,15,37,15,,,1,5,,1,5,4,2,3,4,4,4,2,4,3,2,3,4,2,2,2,2,5,5,,1,2,2,3,23,7,4 1,,0,0,0,,,No comment ,NIL ,,uuid:da17a701-28a3-4f42-b00c-f442536b82e7,uuid:da17a701-28a3-4f42-b00c-f442536b82e7,19,Tablet 4,2,2,,,collect:iRjTQnCMf93cWfWU,0,205[encrypted:AYmtILkN]
2023-08-03T18:03:21.123Z,2023-08-03T10:43:44.140+03:00,,03/08/2023,1,OK,1,,1,1,1,0,,24,15,40,15,38,15,,,1,5,,3,5,1,5,2,3,3,3,4,5,2,3,4,5,1,1,2,1,3,4,,1,2,1,3,24,15,0,,0,0,0,,,No comment ,Well understood,,uuid:86922b2e-2117-440f-8fac-e560131f6647,uuid:86922b2e-2117-440f-8fac-e560131f6647,19,Tablet 4,2,2,,,collect:iRjTQnCMf93cWfWU,0,205[encrypted:AYmtILkN]
2023-08-03T18:03:19.384Z,2023-08-03T10:34:10.742+03:00,,03/08/2023,1,OK,1,,2,1,1,0,,40,15,37,15,38,15,,,1,5,,1,4,4,1,3,4,4,5,1,4,2,5,2,4,5,3,2,2,3,4,,1,2,3,3,18,8,8 7,,0,0,0,,,No comments ,No comments ,,uuid:d6c10fa0-4cbf-4611-8ad9-c99044e4f7ed,uuid:d6c10fa0-4cbf-4611-8ad9-c99044e4f7ed,19,Tablet 4,2,2,,,collect:iRjTQnCMf93cWfWU,0,205[encrypted:AYmtILkN]
2023-08-03T18:03:18.416Z,2023-08-03T10:13:38.622+03:00,,03/08/2023,1,OK,1,,2,1,1,0,,40,15,24,15,38,15,,,1,5,,2,4,3,2,2,4,4,4,4,3,2,4,3,4,4,4,4,2,2,4,,1,2,1,3,26,11,2,,1,0,1,,,No comments ,Well cooperate & understood ,,uuid:abe4048f-dcf1-44c1-af2b-a2a4b5e3c310,uuid:abe4048f-dcf1-44c1-af2b-a2a4b5e3c310,19,Tablet 4,2,2,,,collect:iRjTQnCMf93cWfWU,0,205[encrypted:AYmtILkN]
2023-08-03T18:03:17.509Z,2023-08-03T09:51:41.924+03:00,,03/08/2023,1,OK,1,,1,1,1,0,,37,15,38,15,40,15,,,1,5,,1,5,3,2,4,3,3,4,3,2,2,2,2,2,2,2,3,2,4,2,,1,2,2,3,27,7,4,,0,0,1,,,No comments ,No comments ,,uuid:8919ca65-9b0c-4fa4-b672-52284e8c24dd,uuid:8919ca65-9b0c-4fa4-b672-52284e8c24dd,19,Tablet 4,2,2,,,collect:iRjTQnCMf93cWfWU,0,205[encrypted:AYmtILkN]
2023-08-03T18:03:16.488Z,2023-08-03T09:40:39.021+03:00,,03/08/2023,1,OK,1,,1,1,1,0,,38,15,37,15,40,15,,,1,1,,4,5,1,2,1,5,5,5,5,5,2,4,5,5,1,2,3,1,2,5,,1,2,3,3,26,11,7,,0,0,1,,,No comments ,No comments ,,uuid:3e40080e-ef65-4876-8bfc-c1f28b4c8582,uuid:3e40080e-ef65-4876-8bfc-c1f28b4c8582,19,Tablet 4,2,2,,,collect:iRjTQnCMf93cWfWU,0,205[encrypted:AYmtILkN]
2023-08-02T17:26:52.828Z,2023-08-02T12:51:07.300+03:00,,02/08/2023,1,OK,1,,2,1,1,0,,40,15,37,15,38,15,,,1,5,,1,5,2,2,3,4,5,4,1,4,4,1,1,4,3,1,4,1,5,1,,1,2,2,3,29,9,8 1 11,,1,0,2,,,No comments ,No comments ,,uuid:c72691bd-592f-47cb-83d0-c5eeb83f0cc7,uuid:c72691bd-592f-47cb-83d0-c5eeb83f0cc7,19,Tablet 4,2,2,,,collect:iRjTQnCMf93cWfWU,0,205[encrypted:AYmtILkN]
2023-08-02T17:26:50.824Z,2023-08-02T12:39:47.112+03:00,,02/08/2023,1,OK,1,,2,1,1,0,,24,15,38,15,37,15,,,1,1,,1,5,2,1,2,4,5,5,2,4,2,2,4,4,1,4,2,1,5,4,,1,2,1,1,30,14,8,,1,0,1,,,Utafiti unasaidia aje wanaofaniwa utafiti ,No,,uuid:dff3c9b3-1af0-4870-a8be-aafe722893f1,uuid:dff3c9b3-1af0-4870-a8be-aafe722893f1,19,Tablet 4,2,2,,,collect:iRjTQnCMf93cWfWU,0,205[encrypted:AYmtILkN]
2023-08-02T17:26:48.843Z,2023-08-02T12:24:56.565+03:00,,02/08/2023,1,OK,1,,2,1,1,0,,37,15,38,15,24,15,,,1,5,,1,5,4,2,2,4,5,4,4,4,5,2,5,4,2,2,5,1,2,1,,1,2,1,1,30,9,8 98,Msanii ,1,0,3,,,No,No,,uuid:f98f7560-a3cb-43b1-8ddf-d06c0a322bc9,uuid:f98f7560-a3cb-43b1-8ddf-d06c0a322bc9,19,Tablet 4,2,2,,,collect:iRjTQnCMf93cWfWU,0,205[encrypted:AYmtILkN]
2023-08-02T17:26:47.120Z,2023-08-02T12:07:56.111+03:00,,02/08/2023,1,OK,1,,2,1,1,0,,40,15,38,15,24,15,,,1,5,,4,5,2,2,2,4,5,4,2,4,2,2,4,4,2,2,2,2,4,4,,1,2,1,2,27,7,2 1,,1,1,1,,,No comments ,Well understood and cooperate ,,uuid:3b667006-475a-426f-ab02-19cfee29b7b1,uuid:3b667006-475a-426f-ab02-19cfee29b7b1,19,Tablet 4,2,2,,,collect:iRjTQnCMf93cWfWU,0,205[encrypted:AYmtILkN]
2023-08-02T17:26:44.494Z,2023-08-02T11:54:38.945+03:00,,02/08/2023,1,OK,1,,1,1,1,0,,24,15,37,15,40,15,,,1,5,,1,5,3,2,1,2,5,5,1,2,4,1,3,5,5,2,2,5,4,1,,1,2,3,2,26,7,1 2,,0,1,2,,,No comment ,NIL,,uuid:1c663d5c-ed2c-4ba8-a95b-8809bc45dd20,uuid:1c663d5c-ed2c-4ba8-a95b-8809bc45dd20,19,Tablet 4,2,2,,,collect:iRjTQnCMf93cWfWU,0,205[encrypted:AYmtILkN]
2023-08-02T17:26:41.311Z,2023-08-02T11:38:15.526+03:00,,02/08/2023,1,OK,1,,1,1,1,0,,24,15,40,15,37,15,,,1,5,,1,5,5,4,5,5,5,5,5,4,5,5,1,5,5,5,5,5,5,5,,2,2,2,3,19,11,2 6,,0,0,0,,,No comment ,NIL ,,uuid:9a83c862-2b54-4d1e-82b4-284aa260a089,uuid:9a83c862-2b54-4d1e-82b4-284aa260a089,19,Tablet 4,2,2,,,collect:iRjTQnCMf93cWfWU,0,205[encrypted:AYmtILkN]
2023-08-02T17:26:38.787Z,2023-08-02T11:24:22.338+03:00,,02/08/2023,1,OK,1,,1,1,1,1,,38,15,37,15,40,15,,,1,5,,1,5,2,2,1,1,4,4,2,4,4,2,2,4,2,4,2,2,2,2,,1,2,2,3,26,7,8 1,,0,1,0,,,No comments ,No comments ,,uuid:3e887500-41fc-46b4-bd44-6889bfa40f06,uuid:3e887500-41fc-46b4-bd44-6889bfa40f06,19,Tablet 4,2,2,,,collect:iRjTQnCMf93cWfWU,0,205[encrypted:AYmtILkN]
2023-08-02T17:26:36.949Z,2023-08-02T10:58:22.158+03:00,,02/08/2023,1,OK,1,,1,1,1,0,,40,15,37,15,38,15,,,1,5,,1,5,5,2,1,5,1,2,1,2,1,2,2,1,1,2,5,4,5,2,,1,2,2,3,24,5,2 1,,0,0,0,,,No comments ,No comments ,,uuid:635d54f7-27fe-4196-9854-67e01eea676a,uuid:635d54f7-27fe-4196-9854-67e01eea676a,19,Tablet 4,2,2,,,collect:iRjTQnCMf93cWfWU,0,205[encrypted:AYmtILkN]
2023-08-02T17:26:34.696Z,2023-08-02T10:30:16.500+03:00,,02/08/2023,1,OK,1,,2,1,1,0,,24,15,38,15,37,15,,,1,5,,1,4,1,1,4,2,1,2,2,3,1,1,5,2,2,2,5,5,3,2,,1,2,2,2,30,0,98,Ulinzi ,1,0,3,,,Sina ,No,,uuid:5d040c1a-faa1-4813-b10a-13f89e151e72,uuid:5d040c1a-faa1-4813-b10a-13f89e151e72,19,Tablet 4,2,2,,,collect:iRjTQnCMf93cWfWU,0,205[encrypted:AYmtILkN]
2023-08-02T17:26:32.677Z,2023-08-02T10:16:45.028+03:00,,02/08/2023,1,,1,,2,1,1,0,,40,15,24,15,38,15,,,1,5,,1,5,1,1,1,3,3,5,4,5,3,3,2,4,2,1,2,5,3,3,,1,2,1,3,24,11,1 4,,0,0,0,,,No comments ,Well cooperate ,,uuid:25296609-7e2c-4243-a253-264f03171d4e,uuid:25296609-7e2c-4243-a253-264f03171d4e,19,Tablet 4,2,2,,,collect:iRjTQnCMf93cWfWU,0,205[encrypted:AYmtILkN]
2023-08-02T17:26:30.267Z,2023-08-02T10:03:47.900+03:00,,02/08/2023,1,OK,1,,1,1,1,1,,37,15,38,15,40,15,,,1,5,,1,5,1,1,1,1,5,5,5,5,5,3,4,4,2,2,4,3,3,2,,1,2,2,3,19,11,8 11,,0,0,0,,,No comments ,No comments ,,uuid:59b49b23-c97d-4bb4-821b-d70fa4b615c8,uuid:59b49b23-c97d-4bb4-821b-d70fa4b615c8,19,Tablet 4,2,2,,,collect:iRjTQnCMf93cWfWU,0,205[encrypted:AYmtILkN]
2023-08-01T19:28:50.391Z,2023-08-01T13:11:55.289+03:00,,01/08/2023,0,OK,1,,1,1,1,0,,38,15,24,15,37,15,,,1,5,,1,5,4,1,2,2,4,4,4,5,5,2,4,5,2,1,4,1,5,4,,1,2,2,3,23,7,8 7,,1,0,1,,,Nataka kujua lengo lenu hasa ,No,,uuid:339b67a3-8feb-4384-a9a7-137fa4dd7f56,uuid:339b67a3-8feb-4384-a9a7-137fa4dd7f56,19,Tablet 4,2,2,,,collect:iRjTQnCMf93cWfWU,0,205[encrypted:AYmtILkN]
2023-08-01T19:28:49.413Z,2023-08-01T12:54:20.420+03:00,,01/08/2023,1,OK,1,,1,1,1,0,,37,15,24,15,40,15,,,1,5,,2,5,2,2,1,5,5,5,4,1,2,1,4,5,1,1,1,2,2,4,,1,2,1,3,22,11,8 7 6 11,,0,0,0,,,NIL,GOOD,,uuid:245a424c-e0a2-48cb-9a18-72e66fa4eff0,uuid:245a424c-e0a2-48cb-9a18-72e66fa4eff0,19,Tablet 4,2,2,,,collect:iRjTQnCMf93cWfWU,0,205[encrypted:AYmtILkN]
2023-08-01T19:28:48.451Z,2023-08-01T12:29:56.726+03:00,,01/08/2023,1,OK,1,,2,1,1,0,,38,15,40,15,24,15,,,1,5,,5,5,4,1,1,4,2,4,2,4,1,2,5,5,1,2,2,1,2,2,,1,2,1,2,27,11,2 1,,0,1,3,,,No comments ,Well cooperate.,,uuid:62de0b94-cd27-43a5-8978-ffc37793fb5f,uuid:62de0b94-cd27-43a5-8978-ffc37793fb5f,19,Tablet 4,2,2,,,collect:iRjTQnCMf93cWfWU,0,205[encrypted:AYmtILkN]
2023-08-01T19:28:47.132Z,2023-08-01T12:16:36.606+03:00,,01/08/2023,1,OK,1,,2,1,1,0,,38,15,24,15,37,15,,,1,5,,1,5,5,5,5,4,4,5,5,4,5,4,1,5,5,4,5,1,5,2,,1,2,2,1,28,7,8,,0,0,0,,,No,No,,uuid:57e05032-d714-4d2a-bb68-1be951033e0d,uuid:57e05032-d714-4d2a-bb68-1be951033e0d,19,Tablet 4,2,2,,,collect:iRjTQnCMf93cWfWU,0,205[encrypted:AYmtILkN]
2023-08-01T19:28:46.195Z,2023-08-01T12:00:40.531+03:00,,01/08/2023,1,OK,1,,1,1,1,0,,37,15,38,15,40,15,,,1,5,,2,5,5,5,5,2,2,5,1,5,5,1,3,5,5,5,1,2,5,2,,1,2,3,3,22,7,2 1 11,,0,0,0,,,,,,uuid:4bb643a9-870e-4a8d-a925-035736698137,uuid:4bb643a9-870e-4a8d-a925-035736698137,19,Tablet 4,2,2,,,collect:iRjTQnCMf93cWfWU,0,205[encrypted:AYmtILkN]
2023-08-01T19:28:45.154Z,2023-08-01T11:37:45.479+03:00,,01/08/2023,1,OK,1,,1,1,1,0,,37,15,38,15,40,15,,,1,5,,1,5,2,2,1,4,5,5,2,5,2,1,5,5,2,4,2,1,2,5,,1,2,2,3,21,10,8,,0,0,0,,,No comments ,No comments ,,uuid:2a5c5799-63bc-4cf4-92b5-b96d460efb17,uuid:2a5c5799-63bc-4cf4-92b5-b96d460efb17,19,Tablet 4,2,2,,,collect:iRjTQnCMf93cWfWU,0,205[encrypted:AYmtILkN]
2023-08-01T19:28:44.162Z,2023-08-01T11:18:41.687+03:00,,01/08/2023,1,OK,1,,1,1,1,0,,40,15,38,15,37,15,,,1,5,,1,1,4,1,1,5,1,4,1,4,5,5,1,5,1,1,5,1,1,1,,1,2,2,3,21,7,8 2,,1,0,1,,,No comments ,No comments ,,uuid:283e7f79-01f4-461c-bc31-d76305e4f012,uuid:283e7f79-01f4-461c-bc31-d76305e4f012,19,Tablet 4,2,2,,,collect:iRjTQnCMf93cWfWU,0,205[encrypted:AYmtILkN]
2023-08-01T19:28:43.222Z,2023-08-01T10:35:35.511+03:00,,01/08/2023,1,OK,1,,1,1,0,0,,37,15,38,15,40,15,,,1,5,,5,5,5,5,5,5,4,5,5,5,5,5,1,5,5,5,5,5,5,1,,1,2,2,3,29,0,8,,2,1,3,,,No comments ,No comments ,,uuid:9b43b2b9-69b5-4a0a-b62d-adcc431a98a1,uuid:9b43b2b9-69b5-4a0a-b62d-adcc431a98a1,19,Tablet 4,2,2,,,collect:iRjTQnCMf93cWfWU,0,205[encrypted:AYmtILkN]
2023-08-01T19:28:42.261Z,2023-08-01T10:18:47.742+03:00,,01/08/2023,1,OK,1,,1,1,1,0,,24,15,40,15,38,15,,,1,5,,1,5,2,2,1,4,5,5,2,4,5,2,5,2,2,2,3,5,2,1,,1,2,1,2,29,11,2 1,,1,0,1,,,No comments ,Show to us good cooperation.,,uuid:0734f648-6647-4c08-b631-97cad21a33a0,uuid:0734f648-6647-4c08-b631-97cad21a33a0,19,Tablet 4,2,2,,,collect:iRjTQnCMf93cWfWU,0,205[encrypted:AYmtILkN]
2023-08-01T19:28:41.040Z,2023-08-01T10:02:32.413+03:00,,01/08/2023,0,OK,1,,2,1,1,0,,24,15,38,15,37,15,,,1,1,,1,5,4,2,1,4,5,5,2,4,2,4,2,5,2,4,4,1,2,4,,1,2,1,1,26,11,8,,1,0,1,,,No,No,,uuid:8a684c7a-87aa-46ef-a09b-70f00ae8d41d,uuid:8a684c7a-87aa-46ef-a09b-70f00ae8d41d,19,Tablet 4,2,2,,,collect:iRjTQnCMf93cWfWU,0,205[encrypted:AYmtILkN]
2023-08-01T19:28:39.391Z,2023-08-01T09:46:28.349+03:00,,01/08/2023,1,OK,1,,2,1,1,0,,24,15,40,15,37,15,,,1,5,,1,5,2,2,1,4,4,4,4,4,2,2,4,4,2,1,2,5,2,5,,2,2,1,3,27,7,8 1,,0,1,0,,,NINASHUKURU KWA KUSHIRIKISHWA ,GOOD RESPONSE ,,uuid:f18f5367-d049-4c32-b839-45d2cabfb7d1,uuid:f18f5367-d049-4c32-b839-45d2cabfb7d1,19,Tablet 4,2,2,,,collect:iRjTQnCMf93cWfWU,0,205[encrypted:AYmtILkN]
2023-07-31T18:09:04.975Z,2023-07-31T14:22:00.485+03:00,,31/07/2023,1,OK,1,,1,1,1,0,,38,15,42,15,40,15,,,1,5,,5,4,2,2,2,2,4,4,2,4,2,4,4,4,2,2,4,2,4,4,,1,2,1,3,29,11,4,,1,0,1,,,No comments ,He is too busy with the shop but well cooperating with us.,,uuid:c584e663-7378-4afb-be77-c79796a6a1e3,uuid:c584e663-7378-4afb-be77-c79796a6a1e3,19,Tablet 4,2,2,,,collect:iRjTQnCMf93cWfWU,0,204[encrypted:AYmqQpxB]
2023-07-31T18:09:03.315Z,2023-07-31T14:05:35.943+03:00,,31/07/2023,1,OK,1,,1,1,1,0,,42,15,37,15,40,15,,,1,5,,2,5,2,2,1,2,5,5,5,5,4,2,4,4,2,4,2,5,5,4,,1,2,1,3,30,13,2,,0,0,1,,,The man has asked for payment ,GOOD RESPONSE ,,uuid:d013e385-edf9-45c8-865d-51712c33292b,uuid:d013e385-edf9-45c8-865d-51712c33292b,19,Tablet 4,2,2,,,collect:iRjTQnCMf93cWfWU,0,204[encrypted:AYmqQpxB]
2023-07-31T18:09:02.292Z,2023-07-31T12:54:19.225+03:00,,31/07/2023,1,OK,1,,1,1,1,0,,38,15,42,15,40,15,,,1,5,,1,4,4,2,2,2,2,4,2,4,4,2,2,4,2,2,2,4,4,2,,1,2,2,3,19,7,2 7 8,,0,0,0,,,No comments ,Although he is busy selling charcoal but he shows us cooperation. ,,uuid:220cf5c0-2879-47ce-9e07-9cc963e614e5,uuid:220cf5c0-2879-47ce-9e07-9cc963e614e5,19,Tablet 4,2,2,,,collect:iRjTQnCMf93cWfWU,0,204[encrypted:AYmqQpxB]
2023-07-31T18:09:01.134Z,2023-07-31T12:29:58.346+03:00,,31/07/2023,1,OK,1,,1,1,1,0,,37,15,40,15,38,15,,,1,5,,1,5,4,4,1,5,3,2,1,1,2,3,5,2,5,1,2,4,5,1,,1,2,1,3,200,7,7,,0,0,0,,,Hakuna swali ,Very confident ,,uuid:d84377cf-cc00-4878-a9e9-1aff0511e505,uuid:d84377cf-cc00-4878-a9e9-1aff0511e505,19,Tablet 4,2,2,,,collect:iRjTQnCMf93cWfWU,0,204[encrypted:AYmqQpxB]
2023-07-31T18:09:00.253Z,2023-07-31T11:51:08.008+03:00,,31/07/2023,1,OK,1,,2,1,1,0,,37,15,42,15,38,15,,,1,5,,2,4,2,1,1,2,5,4,3,2,4,1,4,1,1,2,2,2,2,5,,1,2,2,2,28,9,8,,1,0,2,,,No,No,,uuid:07a80294-1fbf-4dc6-8abb-caee3eeb13bd,uuid:07a80294-1fbf-4dc6-8abb-caee3eeb13bd,19,Tablet 4,2,2,,,collect:iRjTQnCMf93cWfWU,0,204[encrypted:AYmqQpxB]
2023-07-31T18:08:59.369Z,2023-07-31T11:32:04.616+03:00,,31/07/2023,1,OK,1,,2,1,1,0,,40,15,37,15,42,15,,,1,5,,1,5,1,1,1,1,5,4,1,2,1,1,4,1,2,3,5,1,1,3,,1,2,1,2,27,4,8 7,,1,0,2,,,NIMEFURAHISHWA NA  MAZUNGUMZO,POSITIVE RESPONSE ,,uuid:325ee666-86cf-4d46-8247-94505fbd3a35,uuid:325ee666-86cf-4d46-8247-94505fbd3a35,19,Tablet 4,2,2,,,collect:iRjTQnCMf93cWfWU,0,204[encrypted:AYmqQpxB]
2023-07-31T18:08:58.456Z,2023-07-31T11:07:25.282+03:00,,31/07/2023,1,OK,1,,2,1,0,0,,36,15,42,15,37,15,,,1,1,,5,5,5,1,1,5,5,5,5,5,1,2,5,5,5,5,5,4,2,4,,1,2,1,2,20,12,4,,0,0,0,,,No ,No,,uuid:2127da1f-89c3-46b1-a59d-4845b6638fde,uuid:2127da1f-89c3-46b1-a59d-4845b6638fde,19,Tablet 4,2,2,,,collect:iRjTQnCMf93cWfWU,0,204[encrypted:AYmqQpxB]
2023-07-31T18:08:57.585Z,2023-07-31T10:34:56.927+03:00,,31/07/2023,1,OK,1,,2,3,1,0,,38,15,42,15,40,15,,,1,5,,3,4,2,1,1,5,4,4,2,4,3,3,3,4,2,2,4,1,4,5,,1,2,1,3,22,9,2,,0,0,0,,,Thank you all for good questions.,Well cooperate.,,uuid:93f21290-27a6-4dc1-9a5a-95468840a887,uuid:93f21290-27a6-4dc1-9a5a-95468840a887,19,Tablet 4,2,2,,,collect:iRjTQnCMf93cWfWU,0,204[encrypted:AYmqQpxB]
2023-07-31T18:08:56.551Z,2023-07-31T10:02:55.800+03:00,,31/07/2023,1,OK,1,,2,3,1,0,,40,15,38,15,37,15,,,1,5,,1,5,1,1,1,2,5,5,5,5,4,2,2,5,1,2,4,1,2,2,,1,2,3,3,19,9,1,,0,0,0,,,Hakuna swali ,Amejibu vizuri sana ,,uuid:6e7bff5f-a49e-4b75-a67a-47acf0d41f3a,uuid:6e7bff5f-a49e-4b75-a67a-47acf0d41f3a,19,Tablet 4,2,2,,,collect:iRjTQnCMf93cWfWU,0,204[encrypted:AYmqQpxB]
2023-07-31T18:08:55.115Z,2023-07-31T09:43:50.277+03:00,,31/07/2023,1,OK,1,,2,3,1,0,,40,15,36,15,42,15,,,1,5,,2,4,1,2,1,4,4,4,2,5,2,3,3,1,2,1,4,2,2,4,,1,2,2,3,20,11,8 1,,0,0,0,,,NIL,NOTHING,,uuid:a4ae3d6d-cf91-4e4b-9393-1c4bda4a8795,uuid:a4ae3d6d-cf91-4e4b-9393-1c4bda4a8795,19,Tablet 4,2,2,,,collect:iRjTQnCMf93cWfWU,0,204[encrypted:AYmqQpxB]