SubmissionDate,start,note_welcome,intdate,m_eligible,consent_statement,m_consent,note_conditionCheck,who_present,context,private,wazungu,intro_peers,age_elder1,edu_elder1,age_elder2,edu_elder2,age_elder3,edu_elder3,intro_prompt,scale_use,practice_q1,practice_q2,note_practice,emp1,emp2,emp3,emp4,emp5,emp6,emp7,emp8,emp9,emp10,emp11,emp12,emp13,emp14,emp15,emp16,emp17,emp18,emp19,emp20,note_finish_emps,honest1,honest2,honest3,honest4,m_age,m_edu,m_work,m_workother,numwife,m_prevwife,m_numkids,debrief_statement,note5,m_comment,m_comment2,note6,instanceID,KEY,SubmitterID,SubmitterName,AttachmentsPresent,AttachmentsExpected,Status,ReviewState,DeviceID,Edits,FormVersion
2023-08-23T14:45:35.376Z,2023-08-23T13:28:51.974+03:00,,23/08/2023,1,OK,1,,2,1,1,0,,60,7,69,9,62,7,,,1,5,,2,5,1,2,1,4,4,5,4,2,4,2,2,4,2,1,2,2,5,4,,1,2,1,3,25,7,2,,0,0,0,,,No comments,The interview was good,,uuid:3ab7f899-4292-4865-8991-af8719bbff27,uuid:3ab7f899-4292-4865-8991-af8719bbff27,20,Tablet 6,2,2,,,collect:Lsu8zEYYRIP2bFTI,0,205[encrypted:AYmtIRGU]
2023-08-23T14:45:34.258Z,2023-08-23T13:08:11.569+03:00,,23/08/2023,1,OK,1,,2,1,1,0,,60,7,69,9,62,7,,,1,5,,2,4,4,2,1,2,5,1,4,1,4,4,2,5,2,5,2,4,4,2,,1,2,2,3,20,7,4 1,,0,0,0,,,No comments,Good interview,,uuid:bcd47c1f-6f18-4232-a813-c73e815432a1,uuid:bcd47c1f-6f18-4232-a813-c73e815432a1,20,Tablet 6,2,2,,,collect:Lsu8zEYYRIP2bFTI,0,205[encrypted:AYmtIRGU]
2023-08-23T14:45:32.753Z,2023-08-23T12:43:40.829+03:00,,23/08/2023,1,OK,1,,2,1,1,0,,60,7,69,9,62,7,,,1,5,,2,4,4,2,2,2,4,2,1,4,4,1,2,2,5,2,2,2,4,2,,1,2,1,2,29,7,4,,1,1,1,,,No comments,Good interview,,uuid:a714687c-9a55-4cbd-a666-8b8160646ca4,uuid:a714687c-9a55-4cbd-a666-8b8160646ca4,20,Tablet 6,2,2,,,collect:Lsu8zEYYRIP2bFTI,0,205[encrypted:AYmtIRGU]
2023-08-23T14:45:31.676Z,2023-08-23T12:13:38.484+03:00,,23/08/2023,1,OK,1,,2,1,1,0,,60,7,69,9,62,7,,,1,5,,1,4,4,1,1,3,3,5,4,5,1,2,3,3,4,2,5,2,2,4,,1,1,1,2,21,7,7 4 11,,0,0,0,,,No comments,Good interview,,uuid:e6fa781c-67a9-4ec5-9252-cbcff1acaca0,uuid:e6fa781c-67a9-4ec5-9252-cbcff1acaca0,20,Tablet 6,2,2,,,collect:Lsu8zEYYRIP2bFTI,0,205[encrypted:AYmtIRGU]
2023-08-23T14:45:30.695Z,2023-08-23T11:54:40.268+03:00,,23/08/2023,1,OK,1,,2,1,1,0,,60,7,69,9,62,7,,,1,5,,2,4,2,2,2,4,4,4,2,4,2,2,4,4,1,1,4,5,4,4,,1,2,1,1,29,7,7 1,,1,0,2,,,No comments,Good interview,,uuid:c8e7c51d-aa99-4db4-8a8c-bd8af36500f3,uuid:c8e7c51d-aa99-4db4-8a8c-bd8af36500f3,20,Tablet 6,2,2,,,collect:Lsu8zEYYRIP2bFTI,0,205[encrypted:AYmtIRGU]
2023-08-23T14:45:29.704Z,2023-08-23T11:07:33.387+03:00,,23/08/2023,1,OK,1,,2,1,1,0,,60,7,69,9,62,7,,,1,5,,1,5,4,4,2,5,5,4,1,2,4,4,2,1,4,4,5,5,1,2,,1,2,1,2,19,0,11 2,,0,0,0,,,No comments,Good interview,,uuid:5f7a6d24-dc59-4cd4-856a-87715791893c,uuid:5f7a6d24-dc59-4cd4-856a-87715791893c,20,Tablet 6,2,2,,,collect:Lsu8zEYYRIP2bFTI,0,205[encrypted:AYmtIRGU]
2023-08-23T14:45:28.257Z,2023-08-23T10:48:20.751+03:00,,23/08/2023,1,OK,1,,2,1,1,0,,60,7,69,9,62,7,,,1,5,,2,4,4,4,2,2,4,5,4,2,4,2,2,2,4,2,4,4,4,4,,1,2,2,3,19,7,2 1,,0,0,0,,,No comments,Good interview,,uuid:2c40bc54-c973-4952-99e7-80603e3406d9,uuid:2c40bc54-c973-4952-99e7-80603e3406d9,20,Tablet 6,2,2,,,collect:Lsu8zEYYRIP2bFTI,0,205[encrypted:AYmtIRGU]
2023-08-23T14:45:27.088Z,2023-08-23T10:19:29.918+03:00,,23/08/2023,1,OK,1,,2,1,1,0,,60,7,69,9,62,7,,,1,5,,1,5,4,4,2,2,5,5,2,2,5,2,2,1,4,4,4,2,4,2,,1,2,1,3,19,7,2,,0,0,0,,,No comments,Good interview,,uuid:adde3d29-a6e2-44e2-9c54-bcaeca26a6e0,uuid:adde3d29-a6e2-44e2-9c54-bcaeca26a6e0,20,Tablet 6,2,2,,,collect:Lsu8zEYYRIP2bFTI,0,205[encrypted:AYmtIRGU]
2023-08-23T14:45:26.049Z,2023-08-23T09:58:03.273+03:00,,23/08/2023,1,OK,1,,2,1,1,0,,60,7,69,9,62,7,,,1,5,,2,4,2,1,1,5,5,5,4,5,5,3,5,4,2,1,3,1,4,5,,1,2,1,3,24,7,7 2,,0,0,0,,,No comments,The interview. was good,,uuid:ae5c852e-2ead-49e7-9095-ac5b72178aa7,uuid:ae5c852e-2ead-49e7-9095-ac5b72178aa7,20,Tablet 6,2,2,,,collect:Lsu8zEYYRIP2bFTI,0,205[encrypted:AYmtIRGU]
2023-08-23T14:45:24.616Z,2023-08-23T09:38:34.413+03:00,,23/08/2023,1,OK,1,,1,1,0,0,,60,7,69,9,62,7,,,1,5,,1,5,1,2,1,2,1,4,2,5,5,5,1,5,5,1,5,1,2,1,,1,2,1,2,30,7,7 1,,0,1,2,,,No comments,The interview was good,,uuid:9f2e8bc6-53e5-4de3-916f-5cc672fed056,uuid:9f2e8bc6-53e5-4de3-916f-5cc672fed056,20,Tablet 6,2,2,,,collect:Lsu8zEYYRIP2bFTI,0,205[encrypted:AYmtIRGU]
2023-08-22T13:13:23.375Z,2023-08-22T13:58:29.740+03:00,,22/08/2023,1,OK,1,,2,1,1,0,,69,9,62,7,62,7,,,1,5,,2,5,2,2,2,2,4,4,2,4,2,2,4,4,2,1,2,2,2,4,,1,2,1,3,27,8,7 11,,0,1,1,,,No comments,Good interview,,uuid:f06aa31f-550f-4a2c-b3e0-4531bbc40d2f,uuid:f06aa31f-550f-4a2c-b3e0-4531bbc40d2f,20,Tablet 6,2,2,,,collect:Lsu8zEYYRIP2bFTI,0,205[encrypted:AYmtIRGU]
2023-08-22T13:13:22.066Z,2023-08-22T13:28:53.995+03:00,,22/08/2023,1,OK,1,,1,1,1,0,,69,9,62,7,62,7,,,1,5,,2,4,4,4,4,4,4,4,2,2,3,2,4,4,4,4,4,4,4,2,,1,2,1,3,28,11,4,,1,0,1,,,No comments,Good interview,,uuid:d45ad87a-07af-4e0e-b5b5-fcbc9111d815,uuid:d45ad87a-07af-4e0e-b5b5-fcbc9111d815,20,Tablet 6,2,2,,,collect:Lsu8zEYYRIP2bFTI,0,205[encrypted:AYmtIRGU]
2023-08-22T13:13:20.911Z,2023-08-22T13:01:47.372+03:00,,22/08/2023,1,OK,1,,2,1,1,0,,69,9,62,7,62,7,,,1,5,,2,4,2,2,2,2,4,5,2,4,2,2,4,1,2,1,2,2,2,4,,1,2,1,3,27,9,6 4,,0,0,0,,,No comments,Good interview,,uuid:12bf171b-a507-4f69-9dd4-0d6cf50f86c0,uuid:12bf171b-a507-4f69-9dd4-0d6cf50f86c0,20,Tablet 6,2,2,,,collect:Lsu8zEYYRIP2bFTI,0,205[encrypted:AYmtIRGU]
2023-08-22T13:13:19.664Z,2023-08-22T12:27:33.976+03:00,,22/08/2023,1,OK,1,,2,1,1,0,,69,9,62,7,62,7,,,1,5,,1,5,1,2,1,5,5,5,2,1,2,4,4,4,2,2,2,4,4,5,,1,2,1,3,24,13,4 6 11,,1,0,2,,,No comments,The interview went well.,,uuid:c276b41d-15bd-432b-961b-e3cb9f342c2f,uuid:c276b41d-15bd-432b-961b-e3cb9f342c2f,20,Tablet 6,2,2,,,collect:Lsu8zEYYRIP2bFTI,0,205[encrypted:AYmtIRGU]
2023-08-22T13:13:18.575Z,2023-08-22T12:06:40.854+03:00,,22/08/2023,1,OK,1,,2,1,1,0,,69,9,62,7,62,7,,,1,5,,4,4,2,2,1,4,4,4,4,5,4,4,5,4,1,1,2,2,4,5,,1,2,1,3,23,11,4 11,,0,0,0,,,No comments,The interview was good,,uuid:8ea9ad69-d0e7-4575-a98d-165414d13116,uuid:8ea9ad69-d0e7-4575-a98d-165414d13116,20,Tablet 6,2,2,,,collect:Lsu8zEYYRIP2bFTI,0,205[encrypted:AYmtIRGU]
2023-08-22T13:13:17.154Z,2023-08-22T11:36:33.924+03:00,,22/08/2023,1,OK,1,,2,1,1,0,,69,9,62,7,62,7,,,1,5,,3,4,1,1,1,4,4,5,3,4,3,3,5,4,1,1,3,2,2,4,,1,2,1,3,24,11,2 1,,0,1,0,,,No comments,Good interview,,uuid:c9d4a794-4b6b-4eb7-b84a-89b2ce904bf2,uuid:c9d4a794-4b6b-4eb7-b84a-89b2ce904bf2,20,Tablet 6,2,2,,,collect:Lsu8zEYYRIP2bFTI,0,205[encrypted:AYmtIRGU]
2023-08-22T13:13:16.067Z,2023-08-22T11:11:36.167+03:00,,22/08/2023,1,OK,1,,2,1,1,0,,69,9,62,7,62,7,,,1,5,,2,5,2,2,1,5,5,3,4,5,2,3,4,4,3,2,4,3,3,4,,1,2,1,3,29,15,4,,0,0,0,,,No comments,Good interview,,uuid:0717d9df-a382-4bbd-93c2-5143c3e11042,uuid:0717d9df-a382-4bbd-93c2-5143c3e11042,20,Tablet 6,2,2,,,collect:Lsu8zEYYRIP2bFTI,0,205[encrypted:AYmtIRGU]
2023-08-22T13:13:14.952Z,2023-08-22T10:54:31.186+03:00,,22/08/2023,1,OK,1,,2,1,1,0,,69,9,62,7,62,7,,,1,5,,2,4,1,2,2,4,4,4,4,5,2,2,4,4,4,2,4,2,2,4,,1,2,1,3,23,11,4,,0,0,0,,,No comments,Good interview,,uuid:44e5b173-7b25-4a7e-acf9-50393db0a0a6,uuid:44e5b173-7b25-4a7e-acf9-50393db0a0a6,20,Tablet 6,2,2,,,collect:Lsu8zEYYRIP2bFTI,0,205[encrypted:AYmtIRGU]
2023-08-22T13:13:13.540Z,2023-08-22T10:31:47.963+03:00,,22/08/2023,1,OK,1,,1,1,1,0,,69,9,62,7,62,7,,,1,5,,2,4,1,1,1,5,5,4,4,5,1,2,4,5,2,1,2,1,2,4,,1,2,1,3,23,14,4,,0,0,0,,,No comments,The interview was good,,uuid:deacd8b4-41e1-416a-92d2-f2235cbda359,uuid:deacd8b4-41e1-416a-92d2-f2235cbda359,20,Tablet 6,2,2,,,collect:Lsu8zEYYRIP2bFTI,0,205[encrypted:AYmtIRGU]
2023-08-22T13:13:12.323Z,2023-08-22T09:58:32.040+03:00,,22/08/2023,1,OK,1,,2,1,1,0,,69,9,62,7,62,7,,,1,5,,2,4,2,2,2,4,4,5,2,2,4,2,4,4,2,2,4,1,4,4,,1,2,1,1,24,11,4,,0,0,0,,,No comments,The interview was good,,uuid:8f4d22d2-94fd-4758-a89f-f3941176ac23,uuid:8f4d22d2-94fd-4758-a89f-f3941176ac23,20,Tablet 6,2,2,,,collect:Lsu8zEYYRIP2bFTI,0,205[encrypted:AYmtIRGU]
2023-08-22T13:13:10.411Z,2023-08-22T09:39:31.998+03:00,,22/08/2023,1,OK,1,,2,1,1,0,,69,9,62,7,62,7,,,1,5,,2,5,2,2,1,5,4,5,3,3,2,2,4,1,1,2,4,2,2,4,,1,2,1,2,29,12,4,,0,1,0,,,What is the objective of these questions,Good interview,,uuid:ad8e3de7-0bf7-4b07-bf3c-aae4d4a460f0,uuid:ad8e3de7-0bf7-4b07-bf3c-aae4d4a460f0,20,Tablet 6,2,2,,,collect:Lsu8zEYYRIP2bFTI,0,205[encrypted:AYmtIRGU]
2023-08-21T13:04:20.863Z,2023-08-21T14:24:21.996+03:00,,21/08/2023,1,OK,1,,2,1,1,0,,69,9,62,7,62,7,,,1,5,,3,4,1,1,1,5,5,5,3,4,1,3,4,4,1,1,1,1,1,3,,1,2,1,3,28,9,4 1 11,,1,0,0,,,No comments,Good interview,,uuid:ca15868a-6e7c-4789-a60f-c68cbd100768,uuid:ca15868a-6e7c-4789-a60f-c68cbd100768,20,Tablet 6,2,2,,,collect:Lsu8zEYYRIP2bFTI,0,205[encrypted:AYmtIRGU]
2023-08-21T13:04:17.844Z,2023-08-21T13:40:24.929+03:00,,21/08/2023,1,OK,1,,1,1,1,0,,69,9,62,7,62,7,,,1,5,,1,5,2,2,1,4,5,4,3,5,3,2,3,3,2,2,3,4,2,3,,1,2,1,3,23,14,1 2 11,,0,0,0,,,No comments,Good interview,,uuid:724b7cb0-3df3-4b50-9841-873c7a654dfb,uuid:724b7cb0-3df3-4b50-9841-873c7a654dfb,20,Tablet 6,2,2,,,collect:Lsu8zEYYRIP2bFTI,0,205[encrypted:AYmtIRGU]
2023-08-21T13:04:15.015Z,2023-08-21T13:19:46.992+03:00,,21/08/2023,1,OK,1,,1,1,1,0,,69,9,62,7,62,7,,,1,5,,2,4,1,1,1,5,5,5,5,5,1,1,5,5,1,1,4,1,4,5,,1,2,1,3,29,11,2 1,,0,0,1,,,No comments,Good interview,,uuid:2084cfa5-f4dc-4fda-9659-83bfe115db6b,uuid:2084cfa5-f4dc-4fda-9659-83bfe115db6b,20,Tablet 6,2,2,,,collect:Lsu8zEYYRIP2bFTI,0,205[encrypted:AYmtIRGU]
2023-08-21T13:04:13.093Z,2023-08-21T12:35:15.391+03:00,,21/08/2023,1,OK,1,,1,1,1,0,,69,9,62,7,62,7,,,1,5,,1,5,1,1,1,4,4,5,3,2,3,2,4,3,3,3,3,4,4,4,,1,2,1,3,27,11,7 2 1,,1,0,1,,,No comments,The interview was good,,uuid:39978080-2fc8-443c-b62c-344865eee175,uuid:39978080-2fc8-443c-b62c-344865eee175,20,Tablet 6,2,2,,,collect:Lsu8zEYYRIP2bFTI,0,205[encrypted:AYmtIRGU]
2023-08-21T13:04:11.320Z,2023-08-21T12:04:11.909+03:00,,21/08/2023,1,OK,1,,2,1,1,0,,69,9,62,7,62,7,,,1,5,,4,4,1,1,1,4,4,5,4,4,2,4,4,1,5,2,1,1,2,4,,1,2,1,1,29,11,2 1,,1,0,2,,,No comments,The interview was good,,uuid:90fd7b78-bbe8-4ab3-928f-6e5492b048c3,uuid:90fd7b78-bbe8-4ab3-928f-6e5492b048c3,20,Tablet 6,2,2,,,collect:Lsu8zEYYRIP2bFTI,0,205[encrypted:AYmtIRGU]
2023-08-21T13:04:09.185Z,2023-08-21T11:28:04.967+03:00,,21/08/2023,1,OK,1,,1,1,1,0,,69,9,62,7,62,7,,,1,5,,4,5,2,2,1,2,4,5,4,4,2,4,4,5,2,2,2,2,2,4,,1,2,1,3,29,15,2,,0,0,0,,,No comments,The interview was good,,uuid:5b62d233-9417-4dd6-97e7-22a93b99c955,uuid:5b62d233-9417-4dd6-97e7-22a93b99c955,20,Tablet 6,2,2,,,collect:Lsu8zEYYRIP2bFTI,0,205[encrypted:AYmtIRGU]
2023-08-21T13:04:06.564Z,2023-08-21T11:04:33.976+03:00,,21/08/2023,1,OK,1,,2,1,1,0,,69,9,62,7,62,7,,,1,5,,2,4,1,1,1,4,5,4,2,4,2,2,4,4,1,2,4,2,2,4,,1,2,1,1,23,11,2,,0,0,0,,,No comments,The interview was good,,uuid:8559e682-8a14-477a-9d6f-3a04c4cb0e1d,uuid:8559e682-8a14-477a-9d6f-3a04c4cb0e1d,20,Tablet 6,2,2,,,collect:Lsu8zEYYRIP2bFTI,0,205[encrypted:AYmtIRGU]
2023-08-21T13:04:04.276Z,2023-08-21T10:33:23.392+03:00,,21/08/2023,1,OK,1,,2,1,1,0,,69,9,62,7,62,7,,,1,5,,2,3,3,2,1,3,4,3,1,5,2,3,3,5,2,4,2,2,3,5,,1,2,1,1,23,7,2,,0,0,0,,,No comments,The interview was good,,uuid:94712fd9-a3a5-4fd2-91d4-8b530fa2aef4,uuid:94712fd9-a3a5-4fd2-91d4-8b530fa2aef4,20,Tablet 6,2,2,,,collect:Lsu8zEYYRIP2bFTI,0,205[encrypted:AYmtIRGU]
2023-08-21T13:04:02.062Z,2023-08-21T10:07:51.165+03:00,,21/08/2023,1,OK,1,,1,1,1,0,,69,9,62,7,62,7,,,1,5,,2,5,4,2,2,4,4,5,2,4,2,2,4,2,2,2,4,2,5,4,,1,2,1,2,25,12,4 7,,0,0,1,,,No comments,The interview was good,,uuid:44638dab-0a2a-4ac3-a956-45155572297b,uuid:44638dab-0a2a-4ac3-a956-45155572297b,20,Tablet 6,2,2,,,collect:Lsu8zEYYRIP2bFTI,0,205[encrypted:AYmtIRGU]
2023-08-21T13:03:57.564Z,2023-08-21T09:40:01.836+03:00,,21/08/2023,1,OK,1,,2,1,1,0,,69,9,62,7,62,7,,,1,5,,2,4,2,2,2,2,4,2,1,5,2,2,4,5,2,2,5,2,2,4,,1,2,2,3,30,11,2 11,,1,0,4,,,No comments,The interview was good,,uuid:aa07fa5d-c6c5-4a8a-8f33-5f37e8ec0430,uuid:aa07fa5d-c6c5-4a8a-8f33-5f37e8ec0430,20,Tablet 6,2,2,,,collect:Lsu8zEYYRIP2bFTI,0,205[encrypted:AYmtIRGU]
2023-08-18T16:16:41.555Z,2023-08-18T13:37:29.541+03:00,,18/08/2023,1,OK,1,,1,1,1,0,,62,7,62,7,69,9,,,1,5,,3,3,2,2,1,3,5,5,3,4,4,2,3,4,2,2,2,2,3,4,,1,2,1,1,19,11,2,,0,0,0,,,No comments,Good interview,,uuid:473f3ed2-d8f0-4d4c-8a6f-9b41fdaaaae7,uuid:473f3ed2-d8f0-4d4c-8a6f-9b41fdaaaae7,20,Tablet 6,2,2,,,collect:Lsu8zEYYRIP2bFTI,0,205[encrypted:AYmtIRGU]
2023-08-18T16:16:39.506Z,2023-08-18T13:12:11.275+03:00,,18/08/2023,1,OK,1,,1,1,1,0,,69,9,62,7,62,7,,,1,5,,2,3,3,3,2,2,4,4,3,3,1,2,3,2,1,2,3,1,5,2,,1,2,1,3,20,2,2 1,,0,0,0,,,No comments,The interview was good,,uuid:f5e578d7-737e-42d3-b864-a083a9dcb04d,uuid:f5e578d7-737e-42d3-b864-a083a9dcb04d,20,Tablet 6,2,2,,,collect:Lsu8zEYYRIP2bFTI,0,205[encrypted:AYmtIRGU]
2023-08-18T16:16:35.762Z,2023-08-18T12:52:18.946+03:00,,18/08/2023,1,OK,1,,1,1,1,0,,69,9,62,7,62,7,,,1,5,,3,5,2,2,2,3,4,5,3,3,2,2,3,5,3,2,2,1,2,5,,1,2,1,1,26,11,4,,0,0,1,,,No comments,Good interview,,uuid:b287b412-e15f-4913-b67b-a014a0d54b5c,uuid:b287b412-e15f-4913-b67b-a014a0d54b5c,20,Tablet 6,2,2,,,collect:Lsu8zEYYRIP2bFTI,0,205[encrypted:AYmtIRGU]
2023-08-18T16:16:32.726Z,2023-08-18T12:28:28.119+03:00,,18/08/2023,1,OK,1,,2,1,1,0,,69,9,62,7,62,7,,,1,5,,2,5,2,3,1,5,5,4,4,4,3,2,4,4,2,2,3,3,5,3,,1,2,1,2,23,15,4,,0,0,0,,,No comments,Good interview,,uuid:49d2ff5d-9b6e-4a60-b23c-2f7e7d8a9d02,uuid:49d2ff5d-9b6e-4a60-b23c-2f7e7d8a9d02,20,Tablet 6,2,2,,,collect:Lsu8zEYYRIP2bFTI,0,205[encrypted:AYmtIRGU]
2023-08-18T16:16:29.848Z,2023-08-18T11:55:18.161+03:00,,18/08/2023,1,OK,1,,2,1,1,0,,69,9,62,7,62,7,,,1,5,,2,4,5,2,5,4,5,5,4,1,2,2,5,1,2,5,2,4,2,5,,1,2,1,2,30,11,4 2 11 1,,0,0,0,,,No comments,Good interview,,uuid:7d0eed36-fe69-49da-869a-e6cfacbdec48,uuid:7d0eed36-fe69-49da-869a-e6cfacbdec48,20,Tablet 6,2,2,,,collect:Lsu8zEYYRIP2bFTI,0,205[encrypted:AYmtIRGU]
2023-08-18T16:16:27.668Z,2023-08-18T11:21:00.481+03:00,,18/08/2023,1,OK,1,,2,1,1,0,,69,9,62,7,62,7,,,1,5,,1,5,1,1,1,5,5,5,5,3,1,3,3,5,1,1,4,1,2,2,,1,2,2,3,23,11,8,,0,0,0,,,No comments,Good interview,,uuid:dfb30130-ea11-4be5-8699-1280611be80c,uuid:dfb30130-ea11-4be5-8699-1280611be80c,20,Tablet 6,2,2,,,collect:Lsu8zEYYRIP2bFTI,0,205[encrypted:AYmtIRGU]
2023-08-18T16:16:25.593Z,2023-08-18T10:52:16.016+03:00,,18/08/2023,1,OK,1,,2,1,1,0,,62,7,62,7,69,9,,,1,5,,2,4,2,2,1,2,5,4,2,1,4,4,2,1,5,4,4,4,4,2,,1,2,1,2,19,8,2 1 11,,0,0,0,,,No comments,The interview was good,,uuid:ea43662d-3ea8-488b-bc5f-0e045b650ec2,uuid:ea43662d-3ea8-488b-bc5f-0e045b650ec2,20,Tablet 6,2,2,,,collect:Lsu8zEYYRIP2bFTI,0,205[encrypted:AYmtIRGU]
2023-08-18T16:16:23.572Z,2023-08-18T10:27:48.655+03:00,,18/08/2023,1,OK,1,,2,1,1,0,,69,9,62,7,62,7,,,1,5,,1,4,2,2,1,3,4,5,2,3,2,3,3,2,3,5,3,2,4,3,,1,2,1,1,24,11,2,,1,0,1,,,What is the objective of this study?,Good interview,,uuid:97c3f95b-e877-4591-8fb8-0a311f5a6278,uuid:97c3f95b-e877-4591-8fb8-0a311f5a6278,20,Tablet 6,2,2,,,collect:Lsu8zEYYRIP2bFTI,0,205[encrypted:AYmtIRGU]
2023-08-18T16:16:21.354Z,2023-08-18T10:03:14.633+03:00,,18/08/2023,1,OK,1,,2,1,1,0,,69,9,62,7,62,7,,,1,5,,4,5,1,1,1,2,5,5,5,5,2,4,4,5,1,1,1,2,2,1,,1,2,2,3,19,11,2,,0,0,0,,,No comments,The interview was good,,uuid:cffb7a91-169d-464b-8e66-ebe76a9c40d0,uuid:cffb7a91-169d-464b-8e66-ebe76a9c40d0,20,Tablet 6,2,2,,,collect:Lsu8zEYYRIP2bFTI,0,205[encrypted:AYmtIRGU]
2023-08-18T16:16:18.448Z,2023-08-18T09:40:18.973+03:00,,18/08/2023,1,OK,1,,1,1,1,0,,69,9,62,7,62,7,,,1,5,,2,4,1,1,2,4,4,5,2,4,4,2,4,5,1,2,2,2,4,4,,1,2,1,1,21,10,2,,0,0,0,,,No comments,The interview was good,,uuid:3deeef4b-ed13-4d9d-94ac-09f776333b45,uuid:3deeef4b-ed13-4d9d-94ac-09f776333b45,20,Tablet 6,2,2,,,collect:Lsu8zEYYRIP2bFTI,0,205[encrypted:AYmtIRGU]
2023-08-17T16:44:11.732Z,2023-08-17T14:02:55.066+03:00,,17/08/2023,1,OK,1,,1,1,1,0,,69,9,62,7,62,7,,,1,5,,5,5,1,1,1,3,5,5,3,3,1,3,3,3,1,5,3,1,3,3,,1,2,2,3,30,12,2 7 1,,1,0,,,,No comments,Good interview,,uuid:c1a1064b-af1d-4dc1-97d6-d227133a4806,uuid:c1a1064b-af1d-4dc1-97d6-d227133a4806,20,Tablet 6,2,2,,,collect:Lsu8zEYYRIP2bFTI,0,205[encrypted:AYmtIRGU]
2023-08-17T16:44:10.599Z,2023-08-17T13:40:57.768+03:00,,17/08/2023,1,OK,1,,2,1,1,0,,69,9,62,7,62,7,,,1,5,,1,4,1,2,1,3,5,4,5,4,2,2,2,1,2,1,3,2,4,1,,1,2,1,1,24,8,6 1,,0,0,0,,,No comments,Good interview,,uuid:c8fbf970-ec41-4a16-bf72-cbc214cd55a0,uuid:c8fbf970-ec41-4a16-bf72-cbc214cd55a0,20,Tablet 6,2,2,,,collect:Lsu8zEYYRIP2bFTI,0,205[encrypted:AYmtIRGU]
2023-08-17T16:44:09.074Z,2023-08-17T12:50:22.375+03:00,,17/08/2023,1,OK,1,,2,1,1,0,,69,9,62,7,62,7,,,1,5,,2,4,2,2,1,5,5,4,4,5,2,4,5,5,4,4,2,2,4,5,,1,2,1,3,24,11,4 1,,0,1,1,,,No comments,Nice interview,,uuid:a9ac8849-c14a-4b20-877c-9dc55f831ba5,uuid:a9ac8849-c14a-4b20-877c-9dc55f831ba5,20,Tablet 6,2,2,,,collect:Lsu8zEYYRIP2bFTI,0,205[encrypted:AYmtIRGU]
2023-08-17T16:44:07.204Z,2023-08-17T12:14:02.589+03:00,,17/08/2023,1,OK,1,,1,1,1,0,,69,9,62,7,62,7,,,1,5,,2,4,4,5,4,4,4,5,1,3,4,2,3,2,4,3,3,2,3,2,,1,2,1,2,27,7,2 6,,1,0,1,,,No comments,The interview was good,,uuid:1f4fb165-4527-4a39-9ce4-92af1daf7f48,uuid:1f4fb165-4527-4a39-9ce4-92af1daf7f48,20,Tablet 6,2,2,,,collect:Lsu8zEYYRIP2bFTI,0,205[encrypted:AYmtIRGU]
2023-08-17T16:44:06.013Z,2023-08-17T11:54:20.703+03:00,,17/08/2023,1,OK,1,,2,1,1,0,,69,9,62,7,62,7,,,1,5,,2,5,2,4,2,2,4,5,2,5,4,2,2,4,2,1,5,4,5,4,,1,2,1,2,23,11,4,,0,1,1,,,What is the aim of this study?,Good interview,,uuid:fa043ced-eeb8-4dae-b260-311154524e68,uuid:fa043ced-eeb8-4dae-b260-311154524e68,20,Tablet 6,2,2,,,collect:Lsu8zEYYRIP2bFTI,0,205[encrypted:AYmtIRGU]
2023-08-17T16:44:04.723Z,2023-08-17T11:31:29.982+03:00,,17/08/2023,1,OK,1,,2,1,1,0,,69,9,62,7,62,7,,,1,5,,1,4,3,2,2,2,3,4,1,3,4,2,3,2,2,2,2,2,4,1,,1,2,1,2,24,7,6 2,,0,1,1,,,No comments,The interview was good,,uuid:6a32a153-e77c-4978-8053-6b0f56b786f7,uuid:6a32a153-e77c-4978-8053-6b0f56b786f7,20,Tablet 6,2,2,,,collect:Lsu8zEYYRIP2bFTI,0,205[encrypted:AYmtIRGU]
2023-08-17T16:44:02.953Z,2023-08-17T11:11:12.549+03:00,,17/08/2023,1,OK,1,,2,1,1,0,,69,9,62,7,62,7,,,1,5,,2,5,4,5,4,4,4,4,1,1,4,2,1,1,2,1,2,1,5,1,,1,2,1,2,28,1,2,,0,1,1,,,No comments,Good interview,,uuid:b0f5862f-12b1-41db-b129-c7f20ca91677,uuid:b0f5862f-12b1-41db-b129-c7f20ca91677,20,Tablet 6,2,2,,,collect:Lsu8zEYYRIP2bFTI,0,205[encrypted:AYmtIRGU]
2023-08-17T16:44:01.446Z,2023-08-17T10:21:48.368+03:00,,17/08/2023,1,OK,1,,2,1,1,0,,69,9,62,7,62,7,,,1,5,,1,5,3,5,1,2,4,5,2,2,2,3,3,3,3,2,3,2,4,4,,1,2,2,3,27,7,7 4,,1,0,1,,,No comments,The interview was good,,uuid:e364b62e-8c01-4cd5-a0bc-79b104a66bc6,uuid:e364b62e-8c01-4cd5-a0bc-79b104a66bc6,20,Tablet 6,2,2,,,collect:Lsu8zEYYRIP2bFTI,0,205[encrypted:AYmtIRGU]
2023-08-17T16:43:58.829Z,2023-08-17T09:55:00.192+03:00,,17/08/2023,1,OK,1,,2,1,1,0,,69,9,62,7,62,7,,,1,5,,4,4,1,1,2,2,4,2,4,5,2,2,4,5,2,2,4,4,4,4,,1,2,1,2,20,11,2,,0,0,0,,,No comments,Good interview,,uuid:058ae28d-7736-417c-b128-12f6cd94c581,uuid:058ae28d-7736-417c-b128-12f6cd94c581,20,Tablet 6,2,2,,,collect:Lsu8zEYYRIP2bFTI,0,205[encrypted:AYmtIRGU]
2023-08-17T16:43:56.231Z,2023-08-17T09:31:23.495+03:00,,17/08/2023,1,OK,1,,2,1,1,0,,69,9,62,7,62,7,,,1,5,,2,4,2,2,1,4,4,4,4,4,3,4,4,4,2,3,5,4,4,2,,1,2,1,2,29,10,1 2,,1,1,3,,,No comments,The interview was good,,uuid:c941ebe2-a6ec-498c-88c5-b958438b5fc8,uuid:c941ebe2-a6ec-498c-88c5-b958438b5fc8,20,Tablet 6,2,2,,,collect:Lsu8zEYYRIP2bFTI,0,205[encrypted:AYmtIRGU]
2023-08-16T18:01:08.154Z,2023-08-16T14:00:49.451+03:00,,16/08/2023,1,OK,1,,1,1,1,0,,69,9,62,7,62,7,,,1,5,,2,4,4,2,5,1,5,3,4,1,3,3,1,3,2,4,2,4,3,4,,1,2,1,2,27,11,4,,1,0,1,,,No comments,The interview was good,,uuid:49fbfac6-7123-4f4f-a5ad-c1f74ee33ac4,uuid:49fbfac6-7123-4f4f-a5ad-c1f74ee33ac4,20,Tablet 6,2,2,,,collect:Lsu8zEYYRIP2bFTI,0,205[encrypted:AYmtIRGU]
2023-08-16T18:01:07.088Z,2023-08-16T13:36:30.798+03:00,,16/08/2023,1,OK,1,,2,1,1,0,,69,9,62,7,62,7,,,1,5,,1,5,5,5,1,3,5,5,1,1,5,1,2,1,2,5,2,5,4,2,,1,2,1,1,20,10,7,,0,0,0,,,What is the aim of these questions?,Nice interview,,uuid:95d8ec01-4a9d-4e72-afd3-8a9a13f36e7e,uuid:95d8ec01-4a9d-4e72-afd3-8a9a13f36e7e,20,Tablet 6,2,2,,,collect:Lsu8zEYYRIP2bFTI,0,205[encrypted:AYmtIRGU]
2023-08-16T18:01:05.901Z,2023-08-16T13:20:22.848+03:00,,16/08/2023,1,OK,1,,2,1,1,0,,69,9,62,7,62,7,,,1,5,,1,4,3,2,1,4,4,5,3,2,4,4,4,5,2,1,3,2,3,2,,1,2,1,3,20,11,7,,0,0,0,,,No comments,Good interview,,uuid:1ff3bb58-9f0e-4665-ace2-1111391f46a9,uuid:1ff3bb58-9f0e-4665-ace2-1111391f46a9,20,Tablet 6,2,2,,,collect:Lsu8zEYYRIP2bFTI,0,205[encrypted:AYmtIRGU]
2023-08-16T18:01:04.754Z,2023-08-16T12:28:13.331+03:00,,16/08/2023,1,OK,1,,1,1,1,0,,69,9,62,7,62,7,,,1,5,,4,3,3,2,1,4,4,4,5,5,2,5,5,3,2,2,2,1,3,5,,1,2,1,2,23,11,2,,1,0,1,,,No comments,Good interview,,uuid:1a710623-7105-46e6-98d3-3f6525c3d346,uuid:1a710623-7105-46e6-98d3-3f6525c3d346,20,Tablet 6,2,2,,,collect:Lsu8zEYYRIP2bFTI,0,205[encrypted:AYmtIRGU]
2023-08-16T18:01:02.643Z,2023-08-16T12:05:26.468+03:00,,16/08/2023,1,OK,1,,1,1,1,0,,62,7,69,9,62,7,,,1,5,,3,4,1,1,1,4,4,4,4,5,2,4,4,4,2,2,2,3,3,4,,1,2,2,3,24,14,4,,0,0,1,,,No comments,Nice interview,,uuid:c9461bcc-8575-48aa-bbd3-0095df8ece0f,uuid:c9461bcc-8575-48aa-bbd3-0095df8ece0f,20,Tablet 6,2,2,,,collect:Lsu8zEYYRIP2bFTI,0,205[encrypted:AYmtIRGU]
2023-08-16T18:01:01.557Z,2023-08-16T11:41:39.606+03:00,,16/08/2023,1,OK,1,,1,1,1,0,,62,7,69,9,62,7,,,1,5,,2,5,2,2,1,2,4,3,4,4,5,1,4,2,1,2,3,2,5,4,,1,2,1,3,29,15,2,,1,0,2,,,What is the objective of this study?,Good interview,,uuid:d9cf20d7-8146-4659-a0fc-70d64d893029,uuid:d9cf20d7-8146-4659-a0fc-70d64d893029,20,Tablet 6,2,2,,,collect:Lsu8zEYYRIP2bFTI,0,205[encrypted:AYmtIRGU]
2023-08-16T18:00:57.833Z,2023-08-16T11:15:09.896+03:00,,16/08/2023,1,OK,1,,1,1,1,0,,69,9,62,7,62,7,,,1,5,,2,5,2,2,1,4,5,4,4,5,1,4,2,5,1,1,2,3,3,4,,1,2,1,2,23,11,2,,1,0,1,,,No comments,Good interview,,uuid:9b3024b0-750b-48fd-9fd7-1b4e0db9499a,uuid:9b3024b0-750b-48fd-9fd7-1b4e0db9499a,20,Tablet 6,2,2,,,collect:Lsu8zEYYRIP2bFTI,0,205[encrypted:AYmtIRGU]
2023-08-16T18:00:56.638Z,2023-08-16T10:50:35.468+03:00,,16/08/2023,1,OK,1,,1,1,1,0,,69,9,62,7,62,7,,,1,5,,1,4,4,4,2,2,4,4,2,2,5,4,1,2,4,4,5,5,5,2,,1,2,1,3,20,7,2,,0,0,0,,,No comments,The interview was good,,uuid:a192e755-e4c1-4725-991f-1d9232d2d4dc,uuid:a192e755-e4c1-4725-991f-1d9232d2d4dc,20,Tablet 6,2,2,,,collect:Lsu8zEYYRIP2bFTI,0,205[encrypted:AYmtIRGU]
2023-08-16T18:00:55.531Z,2023-08-16T10:23:50.639+03:00,,16/08/2023,1,OK,1,,1,1,1,0,,62,7,62,7,69,9,,,1,5,,4,5,1,1,1,5,5,5,4,5,2,4,5,5,1,1,2,1,2,4,,1,2,1,2,29,13,4,,0,0,0,,,What are the merits of this study?,The interview was good,,uuid:bc91a853-ddd0-46fa-965e-c5c680e8dd65,uuid:bc91a853-ddd0-46fa-965e-c5c680e8dd65,20,Tablet 6,2,2,,,collect:Lsu8zEYYRIP2bFTI,0,205[encrypted:AYmtIRGU]
2023-08-15T13:29:26.376Z,2023-08-15T13:38:26.054+03:00,,15/08/2023,1,OK,1,,2,3,1,0,,65,5,52,7,50,7,,,1,5,,3,4,1,1,2,4,5,5,4,5,4,3,3,4,3,2,3,2,3,2,,1,2,1,3,22,9,2,,0,0,0,,,No comments,The interview was good,,uuid:5e88a76c-8346-43f1-b1cc-c0736ad85746,uuid:5e88a76c-8346-43f1-b1cc-c0736ad85746,20,Tablet 6,2,2,,,collect:Lsu8zEYYRIP2bFTI,0,205[encrypted:AYmtIRGU]
2023-08-15T13:29:25.366Z,2023-08-15T13:07:14.410+03:00,,15/08/2023,1,OK,1,,2,3,1,0,,65,5,52,7,50,7,,,1,5,,3,5,1,1,1,5,4,5,4,4,3,2,4,5,2,1,4,3,3,2,,1,2,2,3,25,10,2 8,,0,0,2,,,No comments,Nice interview,,uuid:60e29ce6-529d-452f-b07a-dc5e2a9094b2,uuid:60e29ce6-529d-452f-b07a-dc5e2a9094b2,20,Tablet 6,2,2,,,collect:Lsu8zEYYRIP2bFTI,0,205[encrypted:AYmtIRGU]
2023-08-15T13:29:24.343Z,2023-08-15T12:47:50.110+03:00,,15/08/2023,1,OK,1,,1,4,1,0,,65,5,52,7,50,7,,,1,5,,1,4,2,1,2,1,4,5,2,2,2,2,4,2,2,2,4,2,2,4,,1,2,1,2,25,11,2,,0,0,0,,,No comments,Good interview,,uuid:f8939593-0ed3-4461-870f-46689d757c89,uuid:f8939593-0ed3-4461-870f-46689d757c89,20,Tablet 6,2,2,,,collect:Lsu8zEYYRIP2bFTI,0,205[encrypted:AYmtIRGU]
2023-08-15T13:29:22.733Z,2023-08-15T12:28:14.381+03:00,,15/08/2023,1,OK,1,,2,3,1,1,,65,5,52,7,50,7,,,1,5,,2,5,1,1,1,5,5,5,1,5,2,2,2,5,5,5,4,2,2,1,,1,2,2,3,18,11,10,,0,0,0,,,No comments,The interview was good,,uuid:e34c30f9-9548-44c3-bb62-a1e8111db100,uuid:e34c30f9-9548-44c3-bb62-a1e8111db100,20,Tablet 6,2,2,,,collect:Lsu8zEYYRIP2bFTI,0,205[encrypted:AYmtIRGU]
2023-08-15T13:29:20.191Z,2023-08-15T12:05:01.133+03:00,,15/08/2023,1,OK,1,,2,3,1,0,,65,5,52,7,50,7,,,1,5,,4,4,1,2,2,4,4,4,4,5,2,2,4,5,1,2,2,3,4,5,,1,2,2,3,28,11,1 2 11,,0,1,1,,,No comments,Good interview,,uuid:2f110b63-8d8c-4c4c-aeb7-6fa89e40465e,uuid:2f110b63-8d8c-4c4c-aeb7-6fa89e40465e,20,Tablet 6,2,2,,,collect:Lsu8zEYYRIP2bFTI,0,205[encrypted:AYmtIRGU]
2023-08-15T13:29:18.525Z,2023-08-15T11:39:05.089+03:00,,15/08/2023,1,OK,1,,1,4,1,0,,52,7,50,7,65,5,,,1,5,,2,4,2,2,1,3,4,5,5,5,2,4,4,4,4,1,2,2,2,1,,1,2,1,3,23,15,10,,0,0,0,,,Is TAZAMA Project  NGO or a government sector?,Good interview,,uuid:ad5b0f03-ccd6-4219-900d-70a20c2a1d47,uuid:ad5b0f03-ccd6-4219-900d-70a20c2a1d47,20,Tablet 6,2,2,,,collect:Lsu8zEYYRIP2bFTI,0,205[encrypted:AYmtIRGU]
2023-08-15T13:29:16.169Z,2023-08-15T10:42:53.539+03:00,,15/08/2023,1,OK,1,,1,4,1,0,,65,5,52,7,50,7,,,1,5,,1,5,3,2,1,4,5,4,3,3,2,3,2,5,2,3,2,4,5,2,,1,2,2,3,27,11,1 8,,0,0,0,,,No comments,Nice interview,,uuid:41966812-f1ca-4591-bdd2-8ed3a5ad011d,uuid:41966812-f1ca-4591-bdd2-8ed3a5ad011d,20,Tablet 6,2,2,,,collect:Lsu8zEYYRIP2bFTI,0,205[encrypted:AYmtIRGU]
2023-08-15T13:29:14.698Z,2023-08-15T10:19:47.016+03:00,,15/08/2023,1,OK,1,,1,4,1,0,,52,7,65,5,50,7,,,1,5,,1,5,2,2,2,4,4,4,3,4,3,2,4,4,4,3,3,4,4,4,,1,2,1,3,28,15,10,,0,0,0,,,No comments,Good interview,,uuid:22886168-a360-48c3-8f16-469f01d4374e,uuid:22886168-a360-48c3-8f16-469f01d4374e,20,Tablet 6,2,2,,,collect:Lsu8zEYYRIP2bFTI,0,205[encrypted:AYmtIRGU]
2023-08-15T13:29:13.536Z,2023-08-15T09:59:57.548+03:00,,15/08/2023,1,OK,1,,1,1,1,0,,52,7,50,7,65,5,,,1,5,,4,4,1,1,1,5,4,5,4,5,2,2,4,5,2,4,4,2,2,4,,1,2,1,1,19,11,7 2 1,,0,0,0,,,No comments,The interview was good,,uuid:38262ba8-ca08-4fb5-a14d-9e400ec0d2a7,uuid:38262ba8-ca08-4fb5-a14d-9e400ec0d2a7,20,Tablet 6,2,2,,,collect:Lsu8zEYYRIP2bFTI,0,205[encrypted:AYmtIRGU]
2023-08-14T16:45:45.831Z,2023-08-14T13:35:12.356+03:00,,14/08/2023,1,OK,1,,1,4,1,0,,50,7,65,5,52,7,,,1,5,,5,5,1,1,2,5,5,4,4,5,2,4,4,4,2,1,2,2,2,4,,1,2,1,1,25,15,10,,0,0,0,,,No comments,Good interview,,uuid:79c0843e-b483-41bd-987a-5d1190445ffd,uuid:79c0843e-b483-41bd-987a-5d1190445ffd,20,Tablet 6,2,2,,,collect:Lsu8zEYYRIP2bFTI,0,205[encrypted:AYmtIRGU]
2023-08-14T16:45:43.608Z,2023-08-14T12:52:31.183+03:00,,14/08/2023,1,OK,1,,2,3,1,0,,52,7,50,7,65,5,,,1,5,,1,5,1,1,1,5,5,5,5,5,4,3,5,5,2,3,4,2,2,4,,1,2,1,3,27,11,7,,0,0,0,,,No comments,Good interview,,uuid:9f3364b2-5e28-4fe5-b4c7-37966e4916eb,uuid:9f3364b2-5e28-4fe5-b4c7-37966e4916eb,20,Tablet 6,2,2,,,collect:Lsu8zEYYRIP2bFTI,0,205[encrypted:AYmtIRGU]
2023-08-14T16:45:41.653Z,2023-08-14T12:27:12.723+03:00,,14/08/2023,1,OK,1,,2,3,1,0,,65,5,52,7,50,7,,,1,5,,3,5,1,2,1,4,5,5,1,5,2,1,5,4,1,2,2,2,2,5,,1,2,1,1,25,11,7,,0,0,1,,,No comments,Nice interview,,uuid:88e09674-9e7f-470b-977d-397119caa48e,uuid:88e09674-9e7f-470b-977d-397119caa48e,20,Tablet 6,2,2,,,collect:Lsu8zEYYRIP2bFTI,0,205[encrypted:AYmtIRGU]
2023-08-14T16:45:39.654Z,2023-08-14T12:01:04.380+03:00,,14/08/2023,1,OK,1,,1,4,1,1,,65,5,52,7,50,7,,,1,5,,4,4,2,1,2,5,5,4,4,4,3,3,4,5,2,2,4,1,2,4,,1,2,1,2,22,11,2 7,,0,0,0,,,No comments,Good interview,,uuid:7d0916d4-3676-4668-a830-44392e6c3648,uuid:7d0916d4-3676-4668-a830-44392e6c3648,20,Tablet 6,2,2,,,collect:Lsu8zEYYRIP2bFTI,0,205[encrypted:AYmtIRGU]
2023-08-14T16:45:37.479Z,2023-08-14T11:36:16.712+03:00,,14/08/2023,1,OK,1,,1,1,1,0,,65,5,52,7,50,7,,,1,5,,1,4,4,2,1,4,4,4,4,5,4,2,4,5,2,3,2,2,3,3,,1,2,2,2,27,7,2,,1,1,2,,,Are these questions have no bad effects to me?,The interview was good,,uuid:7227c4fa-eec8-4351-b97f-bbdd1ab0b357,uuid:7227c4fa-eec8-4351-b97f-bbdd1ab0b357,20,Tablet 6,2,2,,,collect:Lsu8zEYYRIP2bFTI,0,205[encrypted:AYmtIRGU]
2023-08-14T16:45:35.629Z,2023-08-14T11:05:38.281+03:00,,14/08/2023,1,OK,1,,1,4,1,0,,65,5,50,7,52,7,,,1,5,,1,5,2,2,1,2,4,4,2,4,2,2,5,2,4,1,2,4,2,4,,1,2,1,1,21,11,0,,0,0,0,,,No comments,Good interview,,uuid:36c6fc09-6a08-40f7-bc5c-1787ea6d9255,uuid:36c6fc09-6a08-40f7-bc5c-1787ea6d9255,20,Tablet 6,2,2,,,collect:Lsu8zEYYRIP2bFTI,0,205[encrypted:AYmtIRGU]
2023-08-14T16:45:32.255Z,2023-08-14T10:42:03.587+03:00,,14/08/2023,1,OK,1,,1,4,1,0,,65,5,50,7,52,7,,,1,5,,2,4,5,1,1,4,5,4,2,1,4,2,4,5,1,5,2,2,1,5,,1,2,1,3,18,11,0,,0,0,0,,,No comments,Nice interview,,uuid:3af1212a-b7e3-48ae-9916-7890109b0192,uuid:3af1212a-b7e3-48ae-9916-7890109b0192,20,Tablet 6,2,2,,,collect:Lsu8zEYYRIP2bFTI,0,205[encrypted:AYmtIRGU]
2023-08-14T16:45:27.916Z,2023-08-14T10:15:28.539+03:00,,14/08/2023,1,OK,1,,1,4,1,0,,65,5,50,7,52,7,,,1,5,,1,5,4,4,1,2,4,5,1,1,1,1,4,5,5,1,2,1,1,1,,1,2,1,1,28,7,2 1 8,,1,0,1,,,No comments,Good interview,,uuid:23fa8f7e-43e1-4145-9e7a-32347e7b63d0,uuid:23fa8f7e-43e1-4145-9e7a-32347e7b63d0,20,Tablet 6,2,2,,,collect:Lsu8zEYYRIP2bFTI,0,205[encrypted:AYmtIRGU]
2023-08-12T13:38:14.647Z,2023-08-11T13:51:36.270+03:00,,11/08/2023,1,OK,1,,1,4,1,0,,65,5,52,7,50,7,,,1,5,,1,4,4,2,2,2,2,4,2,4,2,2,4,2,5,5,2,2,2,5,,1,2,2,3,25,7,2,,1,1,2,,,No comments,The interview was good,,uuid:d8c34be7-b5f1-4ded-851d-3c675e11915a,uuid:d8c34be7-b5f1-4ded-851d-3c675e11915a,20,Tablet 6,2,2,,,collect:Lsu8zEYYRIP2bFTI,0,205[encrypted:AYmtIRGU]
2023-08-12T13:38:10.883Z,2023-08-11T13:16:06.944+03:00,,11/08/2023,1,OK,1,,2,1,1,0,,50,7,52,7,65,5,,,1,5,,2,4,2,1,2,4,5,4,4,4,4,1,5,4,2,1,5,1,2,4,,1,2,1,3,20,7,2,,0,1,1,,,No comments,Good interview,,uuid:b86e62bf-06ed-47bf-912b-e0bec14c5349,uuid:b86e62bf-06ed-47bf-912b-e0bec14c5349,20,Tablet 6,2,2,,,collect:Lsu8zEYYRIP2bFTI,0,205[encrypted:AYmtIRGU]
2023-08-12T13:38:08.648Z,2023-08-11T12:48:19.427+03:00,,11/08/2023,1,OK,1,,2,3,1,0,,65,5,52,7,50,7,,,1,5,,2,5,2,4,2,4,4,4,1,1,4,2,1,1,5,5,2,2,4,1,,1,2,2,3,21,7,6,,0,0,0,,,No comments,The interview went well,,uuid:56a55bfa-bf09-4118-a944-64936a7289c2,uuid:56a55bfa-bf09-4118-a944-64936a7289c2,20,Tablet 6,2,2,,,collect:Lsu8zEYYRIP2bFTI,0,205[encrypted:AYmtIRGU]
2023-08-12T13:38:06.712Z,2023-08-11T12:19:52.293+03:00,,11/08/2023,1,OK,1,,2,1,1,0,,65,5,52,7,50,7,,,1,5,,1,5,2,1,1,5,4,5,4,4,2,1,3,1,2,5,4,2,1,5,,1,2,1,2,20,11,2 7,,0,0,1,,,No comments,The interview was good,,uuid:c8b188f8-01a3-49d3-bed1-0c4bbae57e63,uuid:c8b188f8-01a3-49d3-bed1-0c4bbae57e63,20,Tablet 6,2,2,,,collect:Lsu8zEYYRIP2bFTI,0,205[encrypted:AYmtIRGU]
2023-08-12T13:38:04.591Z,2023-08-11T11:54:46.050+03:00,,11/08/2023,1,OK,1,,2,1,1,0,,65,5,52,7,50,7,,,1,5,,1,4,5,2,1,2,4,4,2,1,2,2,2,1,5,5,4,1,1,1,,1,2,1,2,23,5,2 8 6 1,,0,0,0,,,No comments,The interview was good,,uuid:4d1a6891-3073-4ae0-9665-ac38f68b9c78,uuid:4d1a6891-3073-4ae0-9665-ac38f68b9c78,20,Tablet 6,2,2,,,collect:Lsu8zEYYRIP2bFTI,0,205[encrypted:AYmtIRGU]
2023-08-12T13:38:00.582Z,2023-08-11T11:34:30.964+03:00,,11/08/2023,1,OK,1,,2,1,1,0,,65,5,52,7,50,7,,,1,5,,2,4,5,1,2,4,4,5,1,4,3,3,4,2,4,1,2,2,2,3,,1,2,1,1,27,7,7 2 1,,1,0,3,,,No comments,Good interview,,uuid:540d9653-ba48-4f6a-b6cf-b4d1025e8ef0,uuid:540d9653-ba48-4f6a-b6cf-b4d1025e8ef0,20,Tablet 6,2,2,,,collect:Lsu8zEYYRIP2bFTI,0,205[encrypted:AYmtIRGU]
2023-08-12T13:37:58.532Z,2023-08-11T11:07:48.270+03:00,,11/08/2023,1,OK,1,,2,3,1,0,,65,5,50,7,52,7,,,1,5,,1,5,2,1,1,2,5,4,1,5,5,2,4,4,1,2,1,1,1,5,,1,2,2,3,25,7,2 7,,1,0,2,,,What is the aim of this survey?,The interview was good,,uuid:737ccd1a-ee92-4289-ac0d-ea3a4fec65c2,uuid:737ccd1a-ee92-4289-ac0d-ea3a4fec65c2,20,Tablet 6,2,2,,,collect:Lsu8zEYYRIP2bFTI,0,205[encrypted:AYmtIRGU]
2023-08-12T13:37:54.551Z,2023-08-11T10:43:06.390+03:00,,11/08/2023,1,OK,1,,1,1,1,0,,50,7,52,7,65,5,,,1,5,,1,5,4,4,4,5,5,4,2,1,5,1,4,2,4,2,4,5,4,4,,1,2,1,2,21,11,7,,0,0,0,,,No comments,Nice interview,,uuid:effd2ca1-a6a5-47a4-b545-bc269f3f7b25,uuid:effd2ca1-a6a5-47a4-b545-bc269f3f7b25,20,Tablet 6,2,2,,,collect:Lsu8zEYYRIP2bFTI,0,205[encrypted:AYmtIRGU]
2023-08-12T13:37:47.745Z,2023-08-11T10:21:20.128+03:00,,11/08/2023,1,OK,1,,1,1,1,0,,65,5,50,7,52,7,,,1,5,,1,5,5,5,4,4,4,5,2,5,2,4,5,1,5,2,2,5,2,4,,1,2,1,1,30,8,2,,1,0,1,,,No comments,Good interview,,uuid:444bc3a8-14a9-469f-9487-d11a81c85d40,uuid:444bc3a8-14a9-469f-9487-d11a81c85d40,20,Tablet 6,2,2,,,collect:Lsu8zEYYRIP2bFTI,0,205[encrypted:AYmtIRGU]
2023-08-10T17:17:37.967Z,2023-08-10T14:24:49.077+03:00,,10/08/2023,1,OK,1,,2,1,1,0,,52,7,69,7,50,7,,,1,5,,1,4,4,2,2,4,5,5,2,2,4,2,4,1,2,5,4,1,4,4,,1,2,2,3,19,11,7,,0,0,0,,,No comments,The interview was good,,uuid:0627a7b8-b04e-4606-90f0-27f3f3a10007,uuid:0627a7b8-b04e-4606-90f0-27f3f3a10007,20,Tablet 6,2,2,,,collect:Lsu8zEYYRIP2bFTI,0,205[encrypted:AYmtIRGU]
2023-08-10T17:17:36.757Z,2023-08-10T14:05:20.372+03:00,,10/08/2023,1,OK,1,,2,1,1,0,,52,7,69,7,50,7,,,1,5,,3,4,4,3,3,4,4,3,3,4,3,4,4,5,1,1,3,3,4,4,,1,2,1,3,26,7,7 1,,0,1,0,,,These questions are only for young men or also for young women?,Good interview,,uuid:d9f98940-9d73-49ab-9e33-f71affed4605,uuid:d9f98940-9d73-49ab-9e33-f71affed4605,20,Tablet 6,2,2,,,collect:Lsu8zEYYRIP2bFTI,0,205[encrypted:AYmtIRGU]
2023-08-10T17:17:35.317Z,2023-08-10T13:46:52.879+03:00,,10/08/2023,1,OK,1,,2,1,1,0,,52,7,69,7,50,7,,,1,5,,1,5,1,2,2,5,5,5,4,4,2,3,4,4,2,4,5,2,2,5,,1,2,1,3,24,11,6 7 1,,0,0,0,,,No comments,Nice interview,,uuid:0cef2ed8-7b32-4b3f-85c1-52a1f6cf6715,uuid:0cef2ed8-7b32-4b3f-85c1-52a1f6cf6715,20,Tablet 6,2,2,,,collect:Lsu8zEYYRIP2bFTI,0,205[encrypted:AYmtIRGU]
2023-08-10T17:17:34.188Z,2023-08-10T13:17:11.701+03:00,,10/08/2023,1,OK,1,,2,1,1,0,,52,7,69,7,50,7,,,1,5,,4,2,1,4,1,4,4,5,5,1,4,1,2,5,2,1,2,2,5,1,,1,2,1,2,29,7,7 2,,1,1,0,,,No comments,The interview was good,,uuid:daeec06a-bec5-489f-9272-ec28ee652876,uuid:daeec06a-bec5-489f-9272-ec28ee652876,20,Tablet 6,2,2,,,collect:Lsu8zEYYRIP2bFTI,0,205[encrypted:AYmtIRGU]
2023-08-10T17:17:32.490Z,2023-08-10T12:49:45.308+03:00,,10/08/2023,1,OK,1,,2,3,1,0,,69,7,52,7,50,7,,,1,5,,4,4,2,2,1,5,5,4,5,4,3,4,4,4,1,1,3,2,2,4,,1,2,1,1,28,11,2 8 1 11,,1,0,0,,,You are doing a good thing to ask us these questions,The interview was good,,uuid:a5245ff0-da02-4059-9d9a-8c50c645b3d9,uuid:a5245ff0-da02-4059-9d9a-8c50c645b3d9,20,Tablet 6,2,2,,,collect:Lsu8zEYYRIP2bFTI,0,205[encrypted:AYmtIRGU]
2023-08-10T17:17:30.707Z,2023-08-10T12:26:37.763+03:00,,10/08/2023,1,OK,1,,2,3,1,0,,52,7,50,7,69,7,,,1,5,,4,5,2,3,2,3,4,4,2,4,2,3,4,4,2,5,2,2,2,4,,1,2,1,2,28,11,1 2,,1,0,2,,,No comments,Good interview,,uuid:5f1c446d-4673-418b-8492-a3474eab7d55,uuid:5f1c446d-4673-418b-8492-a3474eab7d55,20,Tablet 6,2,2,,,collect:Lsu8zEYYRIP2bFTI,0,205[encrypted:AYmtIRGU]
2023-08-10T17:17:27.999Z,2023-08-10T11:49:14.220+03:00,,10/08/2023,1,OK,1,,2,3,1,0,,52,7,69,7,50,7,,,1,5,,3,4,1,2,1,4,5,4,3,4,2,4,2,4,2,1,2,1,4,4,,1,2,1,2,20,7,1 8 2,,0,0,0,,,No comments,The interview was good.,,uuid:f1432039-37f4-4947-aa31-42d23f6ce71f,uuid:f1432039-37f4-4947-aa31-42d23f6ce71f,20,Tablet 6,2,2,,,collect:Lsu8zEYYRIP2bFTI,0,205[encrypted:AYmtIRGU]
2023-08-10T17:17:26.217Z,2023-08-10T11:25:26.382+03:00,,10/08/2023,1,OK,1,,2,3,1,0,,52,7,69,7,50,7,,,1,5,,3,4,1,2,1,5,5,5,4,1,2,4,4,5,2,2,5,2,1,4,,1,2,1,2,28,14,8,,0,0,1,,,No comments,Nice interview,,uuid:8c38f001-9c59-499c-8409-f2506de087ca,uuid:8c38f001-9c59-499c-8409-f2506de087ca,20,Tablet 6,2,2,,,collect:Lsu8zEYYRIP2bFTI,0,205[encrypted:AYmtIRGU]
2023-08-10T17:17:24.388Z,2023-08-10T11:03:06.734+03:00,,10/08/2023,1,OK,1,,1,3,1,0,,52,7,69,7,50,7,,,1,5,,2,2,2,2,1,2,4,5,1,4,5,2,2,4,1,2,2,1,4,4,,1,2,1,2,22,8,8,,0,0,0,,,No comments,The interview went well,,uuid:ba943dd3-42ef-4198-b422-01e04674259b,uuid:ba943dd3-42ef-4198-b422-01e04674259b,20,Tablet 6,2,2,,,collect:Lsu8zEYYRIP2bFTI,0,205[encrypted:AYmtIRGU]
2023-08-10T17:17:23.102Z,2023-08-10T10:36:45.902+03:00,,10/08/2023,1,OK,1,,1,1,1,0,,52,7,69,7,50,7,,,1,5,,1,5,2,2,2,3,3,4,3,3,2,3,1,1,2,5,4,2,2,2,,1,2,2,3,27,7,6 7,,1,1,3,,,No comments,Interview was good,,uuid:4f08bc53-f116-4bbb-b0c1-0c569f20809a,uuid:4f08bc53-f116-4bbb-b0c1-0c569f20809a,20,Tablet 6,2,2,,,collect:Lsu8zEYYRIP2bFTI,0,205[encrypted:AYmtIRGU]
2023-08-09T17:12:26.138Z,2023-08-09T14:36:49.088+03:00,,09/08/2023,1,OK,1,,1,4,1,0,,52,7,69,7,50,7,,,1,5,,2,4,3,2,1,4,5,5,5,1,5,2,3,4,1,2,5,2,2,5,,1,2,1,3,25,15,5 2,,0,0,0,,,What is or are the objectives of this survey?  ,The interview was good,,uuid:7e31042e-57cd-44c4-8239-4dfe52bb677f,uuid:7e31042e-57cd-44c4-8239-4dfe52bb677f,20,Tablet 6,2,2,,,collect:Lsu8zEYYRIP2bFTI,0,205[encrypted:AYmtIRGU]
2023-08-09T17:12:24.751Z,2023-08-09T14:05:29.898+03:00,,09/08/2023,1,OK,1,,1,1,1,0,,52,7,69,7,50,7,,,1,5,,1,5,3,3,3,3,4,4,3,1,3,2,1,1,3,5,4,5,2,1,,1,2,1,3,29,15,5 11 2,,0,0,0,,,"We as community, we need to get the feedback of this survey?",The interview went well,,uuid:2109d196-9c78-42c8-b6a1-51c6f72c1472,uuid:2109d196-9c78-42c8-b6a1-51c6f72c1472,20,Tablet 6,2,2,,,collect:Lsu8zEYYRIP2bFTI,0,205[encrypted:AYmtIRGU]
2023-08-09T17:12:23.513Z,2023-08-09T13:40:59.156+03:00,,09/08/2023,1,OK,1,,1,3,1,0,,52,7,69,7,50,7,,,1,5,,1,5,2,4,1,1,4,4,1,1,1,2,2,5,1,1,1,1,1,2,,1,2,1,2,22,7,2 11,,0,0,0,,,No comments,The interview was good,,uuid:156fdd04-9812-4b5d-880b-4d6cebe55bba,uuid:156fdd04-9812-4b5d-880b-4d6cebe55bba,20,Tablet 6,2,2,,,collect:Lsu8zEYYRIP2bFTI,0,205[encrypted:AYmtIRGU]
2023-08-09T17:12:22.157Z,2023-08-09T13:06:18.215+03:00,,09/08/2023,1,OK,1,,1,4,1,0,,52,7,69,7,50,7,,,1,5,,2,1,1,1,1,4,4,4,4,5,1,2,4,5,1,1,2,1,1,4,,1,2,1,2,21,15,10,,0,0,0,,,There is any feedback of this study?,Good interview.,,uuid:079a9f20-3c09-47b9-a70b-b837c6575c2e,uuid:079a9f20-3c09-47b9-a70b-b837c6575c2e,20,Tablet 6,2,2,,,collect:Lsu8zEYYRIP2bFTI,0,205[encrypted:AYmtIRGU]
2023-08-09T17:11:59.043Z,2023-08-09T12:44:20.860+03:00,,09/08/2023,1,OK,1,,1,1,1,0,,52,7,69,7,50,7,,,1,5,,1,5,2,2,2,4,5,4,1,1,3,1,1,5,1,1,5,2,5,4,,1,2,2,3,23,1,2,,0,0,0,,,No comments,Nice interview,,uuid:ac09c5c4-0f43-4af2-8b95-9a133153a5a8,uuid:ac09c5c4-0f43-4af2-8b95-9a133153a5a8,20,Tablet 6,2,2,,,collect:Lsu8zEYYRIP2bFTI,0,205[encrypted:AYmtIRGU]
2023-08-09T17:11:56.595Z,2023-08-09T12:10:09.625+03:00,,09/08/2023,1,OK,1,,1,4,1,0,,52,7,69,7,50,7,,,1,5,,1,4,4,3,2,3,5,5,2,4,2,2,3,5,3,1,3,4,3,2,,1,2,2,3,30,11,6 1,,1,1,5,,,No comments,The interview was good,,uuid:130d81ea-f238-4f79-80d2-f09f21396c85,uuid:130d81ea-f238-4f79-80d2-f09f21396c85,20,Tablet 6,2,2,,,collect:Lsu8zEYYRIP2bFTI,0,205[encrypted:AYmtIRGU]
2023-08-09T17:11:55.001Z,2023-08-09T11:47:18.785+03:00,,09/08/2023,1,OK,1,,2,3,1,0,,52,7,50,7,69,7,,,1,5,,1,5,1,1,1,1,1,5,2,5,1,3,2,4,1,1,5,1,1,5,,1,2,1,2,21,11,8,,0,0,0,,,No comments,Good interview,,uuid:f4e0a200-c92e-43c8-8d47-e1b3861ae1ee,uuid:f4e0a200-c92e-43c8-8d47-e1b3861ae1ee,20,Tablet 6,2,2,,,collect:Lsu8zEYYRIP2bFTI,0,205[encrypted:AYmtIRGU]
2023-08-09T17:11:53.402Z,2023-08-09T11:17:00.439+03:00,,09/08/2023,1,OK,1,,2,3,1,0,,52,7,50,7,69,7,,,1,5,,1,4,2,2,2,2,5,5,2,2,5,2,4,5,2,5,4,4,2,5,,1,2,1,1,21,10,8 2 1 11,,0,0,0,,,No comments,The interview went well,,uuid:d751ea47-c0d1-445f-b939-248e8a2c4f8c,uuid:d751ea47-c0d1-445f-b939-248e8a2c4f8c,20,Tablet 6,2,2,,,collect:Lsu8zEYYRIP2bFTI,0,205[encrypted:AYmtIRGU]
2023-08-09T17:11:51.198Z,2023-08-09T11:00:33.106+03:00,,09/08/2023,1,OK,1,,2,3,1,0,,52,7,50,7,69,7,,,1,5,,1,4,1,2,1,4,5,4,5,2,2,2,4,4,2,2,2,2,2,4,,1,2,2,3,21,11,8,,0,0,0,,,No comments,The interview was good,,uuid:95654fa3-4641-4e3e-9b38-7023edabd5d7,uuid:95654fa3-4641-4e3e-9b38-7023edabd5d7,20,Tablet 6,2,2,,,collect:Lsu8zEYYRIP2bFTI,0,205[encrypted:AYmtIRGU]
2023-08-09T17:11:49.847Z,2023-08-09T10:35:26.282+03:00,,09/08/2023,1,OK,1,,2,3,1,0,,52,7,50,7,69,7,,,1,5,,3,5,2,2,1,1,3,4,2,1,5,4,4,1,4,2,4,1,4,3,,1,2,1,3,20,7,7,,0,0,0,,,No comments,Good interview,,uuid:224b254e-d863-4a24-a77f-e7466806114e,uuid:224b254e-d863-4a24-a77f-e7466806114e,20,Tablet 6,2,2,,,collect:Lsu8zEYYRIP2bFTI,0,205[encrypted:AYmtIRGU]
2023-08-07T18:29:03.908Z,2023-08-07T14:20:51.598+03:00,,07/08/2023,1,OK,1,,1,2,1,0,,55,7,58,7,55,7,,,1,5,,1,5,1,1,1,1,4,3,5,2,2,3,2,2,2,1,4,1,4,3,,1,2,2,3,28,5,6 2,,1,1,4,,,No comments,Good interview,,uuid:cb61193c-ed80-4ee4-8685-874db5cb9088,uuid:cb61193c-ed80-4ee4-8685-874db5cb9088,20,Tablet 6,2,2,,,collect:Lsu8zEYYRIP2bFTI,0,205[encrypted:AYmtIRGU]
2023-08-07T18:29:02.919Z,2023-08-07T13:41:26.693+03:00,,07/08/2023,1,OK,1,,1,2,1,0,,53,7,58,7,55,7,,,1,5,,4,3,1,1,1,5,4,3,3,3,3,4,4,2,4,1,3,1,3,3,,1,2,1,2,26,15,0,,0,0,0,,,Why these questions were asked in front of those 3 Ten cell leaders?,The interview was good.,,uuid:593b1d33-9804-4250-b6b7-4dddc170d221,uuid:593b1d33-9804-4250-b6b7-4dddc170d221,20,Tablet 6,2,2,,,collect:Lsu8zEYYRIP2bFTI,0,205[encrypted:AYmtIRGU]
2023-08-07T18:29:01.927Z,2023-08-07T13:02:58.267+03:00,,07/08/2023,1,,1,,2,1,1,0,,53,7,58,7,55,7,,,1,5,,4,5,2,1,2,4,4,4,1,5,2,3,4,1,5,1,3,4,2,4,,1,2,1,2,29,9,2 1 11,,1,0,4,,,No comments,The interview was good.,,uuid:14c987e1-8677-4f44-88a0-46e3bc7dfcb8,uuid:14c987e1-8677-4f44-88a0-46e3bc7dfcb8,20,Tablet 6,2,2,,,collect:Lsu8zEYYRIP2bFTI,0,205[encrypted:AYmtIRGU]
2023-08-07T18:29:00.829Z,2023-08-07T12:26:49.511+03:00,,07/08/2023,1,,1,,1,2,1,0,,55,7,53,7,58,7,,,1,5,,1,5,5,1,4,3,5,4,2,2,5,1,3,2,5,3,5,1,1,1,,1,2,1,2,22,11,8 1 11,,0,0,0,,,No comments,Good interview,,uuid:d86f0ca1-0c60-41e4-8d61-240a0bb9a16a,uuid:d86f0ca1-0c60-41e4-8d61-240a0bb9a16a,20,Tablet 6,2,2,,,collect:Lsu8zEYYRIP2bFTI,0,205[encrypted:AYmtIRGU]
2023-08-07T18:28:59.902Z,2023-08-07T12:02:01.632+03:00,,07/08/2023,1,,1,,1,2,1,0,,55,7,53,7,58,7,,,1,5,,1,5,4,4,2,2,4,2,2,2,2,1,2,5,2,5,4,1,4,5,,1,2,2,3,21,11,1,,0,0,0,,,No comments,The interview went well,,uuid:8f12abd9-8084-42c6-9222-dad5a8084bf7,uuid:8f12abd9-8084-42c6-9222-dad5a8084bf7,20,Tablet 6,2,2,,,collect:Lsu8zEYYRIP2bFTI,0,205[encrypted:AYmtIRGU]
2023-08-07T18:28:58.672Z,2023-08-07T11:13:43.523+03:00,,07/08/2023,1,,1,,2,1,1,0,,55,7,53,7,58,7,,,1,5,,2,4,4,2,1,2,4,5,2,4,4,4,5,3,2,4,2,1,3,4,,1,2,1,2,23,10,2,,0,0,1,,,No comments,Good interview,,uuid:f340c669-87a6-4154-a954-f7b92f2fe49e,uuid:f340c669-87a6-4154-a954-f7b92f2fe49e,20,Tablet 6,2,2,,,collect:Lsu8zEYYRIP2bFTI,0,205[encrypted:AYmtIRGU]
2023-08-07T18:28:56.862Z,2023-08-07T10:54:45.095+03:00,,07/08/2023,1,,1,,1,1,1,0,,58,7,55,7,53,7,,,1,5,,2,4,2,1,1,4,5,4,2,5,2,2,2,5,2,4,4,1,4,2,,1,2,1,1,20,11,2,,0,0,1,,,No comments,Nice interview,,uuid:53cf2124-650e-4688-9239-1c15a5707de5,uuid:53cf2124-650e-4688-9239-1c15a5707de5,20,Tablet 6,2,2,,,collect:Lsu8zEYYRIP2bFTI,0,205[encrypted:AYmtIRGU]
2023-08-07T18:28:55.840Z,2023-08-07T10:26:35.424+03:00,,07/08/2023,1,,1,,1,2,1,0,,53,7,58,7,55,7,,,1,5,,1,3,2,2,1,4,5,5,3,1,5,3,3,1,1,1,5,1,1,1,,1,2,1,2,20,13,0,,0,0,0,,,No comments,Good interview,,uuid:3ba8d769-6f84-42de-8b44-c82109cdfa64,uuid:3ba8d769-6f84-42de-8b44-c82109cdfa64,20,Tablet 6,2,2,,,collect:Lsu8zEYYRIP2bFTI,0,205[encrypted:AYmtIRGU]
2023-08-07T18:28:54.793Z,2023-08-07T09:53:31.068+03:00,,07/08/2023,1,,1,,1,2,1,0,,58,7,55,7,53,7,,,1,5,,2,5,4,1,2,3,4,4,3,3,5,3,3,1,2,4,2,2,4,5,,1,2,1,3,25,7,8,,1,0,1,,,No comments,Interview was good,,uuid:57f15cbb-32b5-4f76-9129-d311f1471c3d,uuid:57f15cbb-32b5-4f76-9129-d311f1471c3d,20,Tablet 6,2,2,,,collect:Lsu8zEYYRIP2bFTI,0,205[encrypted:AYmtIRGU]
2023-08-06T16:46:59.148Z,2023-08-04T13:37:35.796+03:00,,04/08/2023,1,OK,1,,2,2,1,0,,58,7,55,7,53,7,,,1,5,,2,3,3,4,2,3,3,3,3,3,3,4,4,5,2,4,2,4,2,2,,1,2,1,3,28,7,6 8 1 2,,1,1,1,,,No comments,Nice interview,,uuid:1f8a7eeb-65d2-4bcd-bf21-20e8955f4ead,uuid:1f8a7eeb-65d2-4bcd-bf21-20e8955f4ead,20,Tablet 6,2,2,,,collect:Lsu8zEYYRIP2bFTI,0,205[encrypted:AYmtIRGU]
2023-08-06T16:46:55.724Z,2023-08-04T12:58:14.720+03:00,,04/08/2023,1,OK,1,,1,2,1,0,,53,7,55,7,58,7,,,1,5,,1,4,2,4,1,1,4,4,1,1,4,2,2,2,2,1,4,4,2,1,,1,2,1,3,23,9,2,,0,1,1,,,No comments,Good interview,,uuid:0e443ea7-a48e-4187-80c9-62d315fa5d07,uuid:0e443ea7-a48e-4187-80c9-62d315fa5d07,20,Tablet 6,2,2,,,collect:Lsu8zEYYRIP2bFTI,0,205[encrypted:AYmtIRGU]
2023-08-06T16:46:54.644Z,2023-08-04T12:37:44.202+03:00,,04/08/2023,1,OK,1,,1,2,1,0,,53,7,55,7,58,7,,,1,5,,4,5,2,3,2,3,5,5,2,4,4,2,4,2,4,4,3,5,3,4,,1,2,1,2,30,11,5 1 2,,1,0,2,,,No comments,Nice interview,,uuid:cdeed229-f199-443c-be37-28dd5f4f823d,uuid:cdeed229-f199-443c-be37-28dd5f4f823d,20,Tablet 6,2,2,,,collect:Lsu8zEYYRIP2bFTI,0,205[encrypted:AYmtIRGU]
2023-08-06T16:46:53.605Z,2023-08-04T12:08:36.178+03:00,,04/08/2023,1,OK,1,,1,2,1,0,,53,7,55,7,58,7,,,1,5,,3,5,3,4,1,3,5,5,1,3,3,2,2,4,2,4,5,3,4,3,,1,2,1,3,21,15,10,,1,0,1,,,No comments but thank you for your questions ,Good interview,,uuid:19b685c0-6d50-4157-9f6a-89d00c5635ad,uuid:19b685c0-6d50-4157-9f6a-89d00c5635ad,20,Tablet 6,2,2,,,collect:Lsu8zEYYRIP2bFTI,0,205[encrypted:AYmtIRGU]
2023-08-06T16:46:52.157Z,2023-08-04T11:30:57.114+03:00,,04/08/2023,1,OK,1,,1,2,1,0,,58,7,55,7,53,7,,,1,5,,1,5,1,1,1,1,5,5,1,5,3,1,3,5,1,1,1,1,5,5,,1,2,2,1,24,8,8 1 11,,0,1,1,,,No comments,The interview went  well,,uuid:55e727ff-ce0a-4cca-bc75-ba9d40694cda,uuid:55e727ff-ce0a-4cca-bc75-ba9d40694cda,20,Tablet 6,2,2,,,collect:Lsu8zEYYRIP2bFTI,0,205[encrypted:AYmtIRGU]
2023-08-06T16:46:48.852Z,2023-08-04T10:37:40.712+03:00,,04/08/2023,1,OK,1,,1,2,1,0,,53,7,55,7,58,7,,,1,5,,2,5,3,1,1,3,4,3,2,4,3,2,1,2,2,3,2,4,4,1,,1,2,2,3,24,9,8,,1,0,1,,,No comments,Good interview,,uuid:ef39178d-d2d0-41a2-b85a-37c3195745f7,uuid:ef39178d-d2d0-41a2-b85a-37c3195745f7,20,Tablet 6,2,2,,,collect:Lsu8zEYYRIP2bFTI,0,205[encrypted:AYmtIRGU]
2023-08-06T16:46:45.766Z,2023-08-04T10:16:41.108+03:00,,04/08/2023,1,OK,1,,1,2,1,0,,53,7,55,7,58,7,,,1,5,,5,4,1,1,1,5,5,5,5,5,2,3,4,4,1,1,4,1,2,5,,1,2,1,1,23,15,10,,0,0,0,,,No comments,Nice interview,,uuid:43bfac81-95e1-4f74-accd-cca366c0b210,uuid:43bfac81-95e1-4f74-accd-cca366c0b210,20,Tablet 6,2,2,,,collect:Lsu8zEYYRIP2bFTI,0,205[encrypted:AYmtIRGU]
2023-08-06T16:46:43.369Z,2023-08-04T09:43:39.412+03:00,,04/08/2023,1,OK,1,,1,2,1,0,,53,7,58,7,55,7,,,1,5,,3,4,2,2,1,5,4,3,4,4,2,3,3,5,2,2,3,3,2,4,,1,2,1,2,23,13,5,,0,0,0,,,What is the main objective of this study?,Good interview,,uuid:831b4078-1e17-4f74-905a-16b991df1304,uuid:831b4078-1e17-4f74-905a-16b991df1304,20,Tablet 6,2,2,,,collect:Lsu8zEYYRIP2bFTI,0,205[encrypted:AYmtIRGU]
2023-08-03T18:26:40.050Z,2023-08-03T13:48:11.856+03:00,,03/08/2023,1,OK,1,,2,1,1,0,,58,7,55,7,53,7,,,1,5,,3,4,1,1,2,4,5,5,1,4,2,2,4,2,2,4,2,1,1,2,,1,2,1,1,20,9,8 1 11,,0,0,0,,,No comments,Good interview,,uuid:baf9a129-c4fe-41a8-8a7c-d7c9c29bbf11,uuid:baf9a129-c4fe-41a8-8a7c-d7c9c29bbf11,20,Tablet 6,2,2,,,collect:Lsu8zEYYRIP2bFTI,0,205[encrypted:AYmtIRGU]
2023-08-03T18:26:38.841Z,2023-08-03T13:16:32.977+03:00,,03/08/2023,1,OK,1,,2,1,1,1,,58,7,55,7,53,7,,,1,5,,2,5,3,4,2,2,3,5,2,4,5,2,2,4,2,2,3,2,3,1,,1,2,1,3,21,9,7,,0,0,1,,,No comments,The interview went well,,uuid:d4450d56-38f8-4811-a27d-c0b527cdeab2,uuid:d4450d56-38f8-4811-a27d-c0b527cdeab2,20,Tablet 6,2,2,,,collect:Lsu8zEYYRIP2bFTI,0,205[encrypted:AYmtIRGU]
2023-08-03T18:26:37.068Z,2023-08-03T12:50:24.283+03:00,,03/08/2023,1,OK,1,,2,1,1,0,,58,7,55,7,53,7,,,1,5,,3,4,5,2,5,1,1,1,2,1,5,1,3,1,4,1,1,5,5,1,,1,2,1,3,21,7,7,,0,0,0,,,No comments,Good interview,,uuid:4d815d50-fdf8-4447-9ce4-092a4b0a3bba,uuid:4d815d50-fdf8-4447-9ce4-092a4b0a3bba,20,Tablet 6,2,2,,,collect:Lsu8zEYYRIP2bFTI,0,205[encrypted:AYmtIRGU]
2023-08-03T18:26:35.106Z,2023-08-03T12:18:22.697+03:00,,03/08/2023,1,OK,1,,2,1,1,0,,58,7,55,7,53,7,,,1,5,,1,5,2,4,1,4,5,4,4,5,4,1,4,4,2,1,5,1,1,2,,1,2,1,2,23,10,8 1,,0,0,0,,,I need the feedback of this study,The interview was good,,uuid:95a90284-16d3-4b61-b60e-fcc0ef45686e,uuid:95a90284-16d3-4b61-b60e-fcc0ef45686e,20,Tablet 6,2,2,,,collect:Lsu8zEYYRIP2bFTI,0,205[encrypted:AYmtIRGU]
2023-08-03T18:26:31.233Z,2023-08-03T11:59:02.806+03:00,,03/08/2023,,,1,,2,1,1,0,,58,7,53,7,55,7,,,1,5,,1,5,3,4,4,2,3,4,1,2,2,3,3,4,2,1,4,2,4,1,,1,2,1,1,20,7,8,,0,0,0,,,No comments,Nice interview,,uuid:b8699f90-b624-4e99-a678-ed8d50306998,uuid:b8699f90-b624-4e99-a678-ed8d50306998,20,Tablet 6,2,2,,,collect:Lsu8zEYYRIP2bFTI,0,205[encrypted:AYmtIRGU]
2023-08-03T18:26:30.299Z,2023-08-03T11:30:41.037+03:00,,03/08/2023,1,,1,,1,2,1,0,,55,7,53,7,58,7,,,1,1,,1,5,4,2,2,1,4,2,5,4,4,1,4,5,4,1,2,4,4,5,,1,2,1,3,18,3,8,,0,0,0,,,No comments,The interviewee was too shy in answering sensitive questions,,uuid:55ff3543-c075-4747-8adc-33e2e5b06f3a,uuid:55ff3543-c075-4747-8adc-33e2e5b06f3a,20,Tablet 6,2,2,,,collect:Lsu8zEYYRIP2bFTI,0,205[encrypted:AYmtIRGU]
2023-08-03T18:26:29.057Z,2023-08-03T10:55:12.405+03:00,,03/08/2023,1,,1,,2,3,1,0,,53,7,55,7,58,7,,,1,5,,1,5,3,5,1,4,5,5,2,5,2,2,1,5,1,1,1,1,2,5,,1,2,1,2,28,7,1,,1,1,2,,,No comments,Good interview,,uuid:29a054df-aaf8-417a-aacb-db4b1f059618,uuid:29a054df-aaf8-417a-aacb-db4b1f059618,20,Tablet 6,2,2,,,collect:Lsu8zEYYRIP2bFTI,0,205[encrypted:AYmtIRGU]
2023-08-02T17:25:30.110Z,2023-08-02T13:54:26.372+03:00,,02/08/2023,1,,1,,1,1,1,0,,62,7,52,7,69,7,,,1,5,,5,4,4,4,1,5,5,5,4,5,1,4,5,5,2,4,2,5,5,4,,1,2,1,2,27,15,4,,0,0,0,,,What is the the objectives of this study?,The interview was good.,,uuid:c2e3a129-51e5-4d87-9b49-bfd7ae0cca8f,uuid:c2e3a129-51e5-4d87-9b49-bfd7ae0cca8f,20,Tablet 6,2,2,,,collect:Lsu8zEYYRIP2bFTI,0,205[encrypted:AYmtIRGU]
2023-08-02T17:25:28.180Z,2023-08-02T12:47:33.698+03:00,,02/08/2023,1,,1,,1,2,1,0,,62,7,69,7,52,7,,,1,5,,1,5,1,2,1,4,5,2,2,4,1,1,2,4,1,1,1,1,2,4,,1,2,1,3,19,11,1 2 8,,0,0,0,,,"You as TAZAMa, you are doing a good thing in this community",Good interview,,uuid:fc646298-8701-4e2a-b842-8bb3a4631f4a,uuid:fc646298-8701-4e2a-b842-8bb3a4631f4a,20,Tablet 6,2,2,,,collect:Lsu8zEYYRIP2bFTI,0,205[encrypted:AYmtIRGU]
2023-08-02T17:25:26.198Z,2023-08-02T12:15:31.963+03:00,,02/08/2023,1,,1,,2,2,1,0,,62,7,52,7,69,7,,,1,5,,1,4,2,1,1,3,5,5,5,5,2,1,5,4,1,4,2,2,4,4,,1,2,1,1,19,11,8 1,,3,0,0,,,What is or are the activities of TAZAMA?,Nice interview,,uuid:d9908374-76ef-4cff-83c7-35de1fe89fa9,uuid:d9908374-76ef-4cff-83c7-35de1fe89fa9,20,Tablet 6,2,2,,,collect:Lsu8zEYYRIP2bFTI,0,205[encrypted:AYmtIRGU]
2023-08-02T17:25:24.158Z,2023-08-02T11:23:06.778+03:00,,02/08/2023,1,OK,1,,2,1,1,0,,69,7,62,7,52,7,,,1,5,,1,5,4,5,1,2,4,5,5,5,5,2,2,5,1,5,1,4,4,2,,1,2,2,3,19,7,11 1,,0,0,0,,,No comments,The interview went well.,,uuid:f9efc6d5-1b69-45f7-9b10-cef70ea3afc9,uuid:f9efc6d5-1b69-45f7-9b10-cef70ea3afc9,20,Tablet 6,2,2,,,collect:Lsu8zEYYRIP2bFTI,0,205[encrypted:AYmtIRGU]
2023-08-02T17:25:21.270Z,2023-08-02T10:57:52.675+03:00,,02/08/2023,1,,1,,2,1,1,0,,69,7,62,7,52,7,,,1,5,,2,5,4,4,4,1,2,1,2,1,5,1,1,1,1,1,5,4,5,1,,1,2,2,3,19,7,11 1,,0,0,0,,,No comments,Nice interview,,uuid:2dd8de4a-1c1e-44a5-8ea4-b3153cd0be8b,uuid:2dd8de4a-1c1e-44a5-8ea4-b3153cd0be8b,20,Tablet 6,2,2,,,collect:Lsu8zEYYRIP2bFTI,0,205[encrypted:AYmtIRGU]
2023-08-02T17:25:18.932Z,2023-08-02T10:13:16.321+03:00,,02/08/2023,1,OK,1,,1,1,1,0,,62,7,52,6,69,7,,,1,5,,1,4,4,1,5,2,4,1,2,1,2,5,1,1,2,1,4,2,5,2,,1,2,1,1,29,7,8 2 1,,0,1,2,,,No comments,Good interview,,uuid:10e36513-3ec6-4195-9725-c2d83f78442d,uuid:10e36513-3ec6-4195-9725-c2d83f78442d,20,Tablet 6,2,2,,,collect:Lsu8zEYYRIP2bFTI,0,205[encrypted:AYmtIRGU]
2023-08-01T19:29:32.764Z,2023-08-01T13:25:46.536+03:00,,01/08/2023,1,OK,1,,2,2,1,0,,57,7,62,7,52,6,,,1,5,,3,4,1,1,1,3,4,5,3,4,4,2,3,5,1,1,4,1,1,5,,1,2,1,1,22,11,8,,0,0,0,,,No comments,The interview was good,,uuid:e98f9584-cd41-4bef-879d-7888c7f9a20d,uuid:e98f9584-cd41-4bef-879d-7888c7f9a20d,20,Tablet 6,2,2,,,collect:Lsu8zEYYRIP2bFTI,0,205[encrypted:AYmtIRGU]
2023-08-01T19:29:31.176Z,2023-08-01T12:53:53.979+03:00,,01/08/2023,1,OK,1,,1,2,1,0,,62,7,57,7,52,6,,,1,5,,1,5,1,1,1,4,4,5,2,5,1,1,4,4,1,1,5,1,4,5,,1,2,2,2,23,11,8,,0,0,0,,,Why these questions are asking only young men? Why young female not?,Good interview.,,uuid:f16a8462-6a8d-46b5-8709-ae06941acd5f,uuid:f16a8462-6a8d-46b5-8709-ae06941acd5f,20,Tablet 6,2,2,,,collect:Lsu8zEYYRIP2bFTI,0,205[encrypted:AYmtIRGU]
2023-08-01T19:29:30.274Z,2023-08-01T12:07:35.848+03:00,,01/08/2023,1,OK,1,,2,3,1,1,,62,7,57,7,52,6,,,1,5,,1,5,5,4,1,5,5,1,2,1,5,5,1,1,5,2,1,2,5,1,,1,2,1,3,19,9,8,,0,0,0,,,No comments,Interview went well,,uuid:52ce0320-7b9f-4e12-b865-c9aad1106ddc,uuid:52ce0320-7b9f-4e12-b865-c9aad1106ddc,20,Tablet 6,2,2,,,collect:Lsu8zEYYRIP2bFTI,0,205[encrypted:AYmtIRGU]
2023-08-01T19:29:29.248Z,2023-08-01T11:46:01.697+03:00,,01/08/2023,1,OK,1,,2,3,1,0,,62,7,57,7,52,6,,,1,5,,4,4,1,2,1,5,5,5,3,4,2,3,4,4,2,1,3,1,2,4,,1,2,1,2,19,11,2,,0,0,0,,,No comments,Interview was good,,uuid:b8d01894-00c0-4ef6-bc9b-236c9fa4e9ec,uuid:b8d01894-00c0-4ef6-bc9b-236c9fa4e9ec,20,Tablet 6,2,2,,,collect:Lsu8zEYYRIP2bFTI,0,205[encrypted:AYmtIRGU]
2023-08-01T19:29:27.810Z,2023-08-01T11:00:14.463+03:00,,,1,OK,1,,2,2,1,0,,52,6,57,7,62,7,,,1,5,,1,5,1,1,2,4,4,4,1,5,3,3,4,1,2,1,4,3,1,2,,1,2,1,3,23,4,4 11,,1,0,0,,,No comments,Good interview,,uuid:2cbc4b20-90d6-43c3-9112-facf16fcb0dc,uuid:2cbc4b20-90d6-43c3-9112-facf16fcb0dc,20,Tablet 6,2,2,,,collect:Lsu8zEYYRIP2bFTI,0,205[encrypted:AYmtIRGU]
2023-08-01T19:29:26.217Z,2023-08-01T10:05:04.438+03:00,,01/08/2023,1,OK,1,,2,1,1,0,,57,7,52,6,62,7,,,1,5,,3,5,1,1,1,1,5,5,1,5,5,1,1,4,5,2,5,5,5,5,,1,2,1,2,22,7,2,,0,0,0,,,No comments,Nice interview,,uuid:6e998a3c-181e-4ce4-ad64-adf585d27969,uuid:6e998a3c-181e-4ce4-ad64-adf585d27969,20,Tablet 6,2,2,,,collect:Lsu8zEYYRIP2bFTI,0,205[encrypted:AYmtIRGU]
2023-08-01T19:29:25.085Z,2023-08-01T09:37:25.885+03:00,,01/08/2023,1,,1,,2,1,1,0,,52,6,62,7,57,7,,,1,5,,2,5,2,1,1,1,4,1,5,5,5,2,5,5,1,1,1,1,2,5,,1,2,1,1,22,9,11 2,,0,0,0,,,What is the meaning of TAZAMA?,The interview was good,,uuid:28d32930-9dd1-4dbb-bb7d-0dd943a19698,uuid:28d32930-9dd1-4dbb-bb7d-0dd943a19698,20,Tablet 6,2,2,,,collect:Lsu8zEYYRIP2bFTI,0,205[encrypted:AYmtIRGU]
2023-07-31T18:10:06.446Z,2023-07-31T13:51:24.647+03:00,,31/07/2023,1,OK,1,,2,2,1,0,,62,7,57,7,52,6,,,1,5,,1,5,3,4,1,1,3,1,1,1,5,1,1,3,3,1,3,2,3,1,,1,2,2,3,24,11,1 2 3,,0,0,0,,,No comments,The interview went well,,uuid:1e14b377-6661-4b77-aa7f-85acb856230b,uuid:1e14b377-6661-4b77-aa7f-85acb856230b,20,Tablet 6,2,2,,,collect:Lsu8zEYYRIP2bFTI,0,204[encrypted:AYmqQpxB]
2023-07-31T18:10:05.438Z,2023-07-31T13:03:45.544+03:00,,31/07/2023,1,OK,1,,1,2,1,0,,62,7,52,6,57,7,,,1,5,,1,4,1,4,4,4,4,5,1,1,4,2,1,5,1,2,5,2,1,4,,1,2,2,3,18,5,1 8,,0,0,0,,,No comments,The interview was good although the respondent was slow in answering the questions,,uuid:93af556c-828b-4aa9-ad2b-b616f67f15c6,uuid:93af556c-828b-4aa9-ad2b-b616f67f15c6,20,Tablet 6,2,2,,,collect:Lsu8zEYYRIP2bFTI,0,204[encrypted:AYmqQpxB]
2023-07-31T18:10:04.437Z,2023-07-31T12:24:09.803+03:00,,31/07/2023,1,OK,1,,1,2,1,1,,62,7,52,6,579,7,,,1,5,,2,5,2,2,2,4,5,5,4,5,2,4,4,4,2,2,5,4,4,4,,1,2,1,1,25,11,3 2 1,,0,0,1,,,Is this interview involve also females?,Nice interview.,,uuid:f77b367c-43d9-4c56-9844-24c9f6e37eb0,uuid:f77b367c-43d9-4c56-9844-24c9f6e37eb0,20,Tablet 6,2,2,,,collect:Lsu8zEYYRIP2bFTI,0,204[encrypted:AYmqQpxB]
2023-07-31T18:10:03.429Z,2023-07-31T11:49:20.407+03:00,,31/07/2023,1,OK,1,,1,1,1,1,,62,7,57,7,52,6,,,1,5,,1,4,2,3,1,3,4,5,5,5,5,3,4,4,4,2,4,4,2,4,,1,2,1,1,19,10,4 1,,0,0,0,,,I need feedback of this interview,The interview was good,,uuid:dab6e28c-5907-4cf1-9007-18c22030d5c6,uuid:dab6e28c-5907-4cf1-9007-18c22030d5c6,20,Tablet 6,2,2,,,collect:Lsu8zEYYRIP2bFTI,0,204[encrypted:AYmqQpxB]
2023-07-31T18:10:02.284Z,2023-07-31T10:40:01.782+03:00,,31/07/2023,1,OK,1,,2,3,1,1,,57,7,62,7,52,6,,,1,5,,4,5,3,1,1,1,5,3,3,5,5,1,3,1,5,1,1,1,1,5,,1,2,3,3,28,10,1,,1,0,1,,,No comments,The interview went well.,,uuid:b9a61bdc-928c-4785-abd3-03bd316f20ab,uuid:b9a61bdc-928c-4785-abd3-03bd316f20ab,20,Tablet 6,2,2,,,collect:Lsu8zEYYRIP2bFTI,0,204[encrypted:AYmqQpxB]
2023-07-31T18:10:01.086Z,2023-07-31T10:01:38.914+03:00,,31/07/2023,1,,1,,2,1,1,1,,52,6,57,7,62,7,,,2,5,,1,5,1,1,1,5,5,4,5,1,5,2,1,2,4,1,1,2,5,1,,1,2,2,2,27,7,6 4 1,,0,0,0,,,No comments,The interview was good,,uuid:0dcb7a5a-8cb2-431e-bf3c-85f21da94abf,uuid:0dcb7a5a-8cb2-431e-bf3c-85f21da94abf,20,Tablet 6,2,2,,,collect:Lsu8zEYYRIP2bFTI,0,204[encrypted:AYmqQpxB]