SubmissionDate,start,note_welcome,intdate,m_eligible,consent_statement,m_consent,note_conditionCheck,who_present,context,private,wazungu,intro_peers,age_peer1,edu_peer1,known_peer1,age_peer2,edu_peer2,known_peer2,age_peer3,edu_peer3,known_peer3,intro_prompt,scale_use,practice_q1,practice_q2,note_practice,emp1,emp2,emp3,emp4,emp5,emp6,emp7,emp8,emp9,emp10,emp11,emp12,emp13,emp14,emp15,emp16,emp17,emp18,emp19,emp20,note_finish_emps,honest1,honest2,honest3,honest4,m_age,m_edu,m_work,m_workother,numwife,m_prevwife,m_numkids,debrief_statement,note5,m_comment,m_comment2,note6,instanceID,KEY,SubmitterID,SubmitterName,AttachmentsPresent,AttachmentsExpected,Status,ReviewState,DeviceID,Edits,FormVersion
2023-08-23T14:38:52.117Z,2023-08-23T13:10:20.238+03:00,,23/08/2023,1,OK,1,,1,1,1,0,,23,15,1,23,11,1,22,11,1,,,1,5,,1,4,4,4,2,4,4,4,4,4,2,4,2,4,2,2,4,2,2,4,,1,2,2,3,21,7,4,,0,0,0,,,,,,uuid:b9dfa433-f268-4dd9-98f0-9b1197756610,uuid:b9dfa433-f268-4dd9-98f0-9b1197756610,21,Tablet 3,2,2,,,collect:bdJSB2Qr9ZA7I3SS,0,205[encrypted:AYmtIFM+]
2023-08-23T14:38:50.954Z,2023-08-23T11:32:20.455+03:00,,23/08/2023,1,OK,1,,1,2,1,0,,22,7,1,21,9,1,22,13,1,,,1,5,,2,5,2,2,1,4,4,3,5,4,2,4,5,1,2,1,4,1,2,1,,1,2,2,3,23,11,0,,0,0,0,,,,,,uuid:1ead6f71-11ca-4204-8037-fa4ddc5693ea,uuid:1ead6f71-11ca-4204-8037-fa4ddc5693ea,21,Tablet 3,2,2,,,collect:bdJSB2Qr9ZA7I3SS,0,205[encrypted:AYmtIFM+]
2023-08-23T14:38:49.218Z,2023-08-23T10:45:58.548+03:00,,23/08/2023,1,OK,1,,1,1,1,0,,20,0,1,27,7,1,20,7,1,,,1,5,,1,5,2,2,1,5,5,5,2,4,2,4,3,2,2,2,2,2,4,5,,1,2,3,3,22,11,2 7,,0,0,0,,,,,,uuid:ac358526-4a07-44cc-8747-2515b15a91db,uuid:ac358526-4a07-44cc-8747-2515b15a91db,21,Tablet 3,2,2,,,collect:bdJSB2Qr9ZA7I3SS,0,205[encrypted:AYmtIFM+]
2023-08-23T14:38:39.934Z,2023-08-23T13:41:51.525+03:00,,23/08/2023,1,,1,,1,1,1,0,,27,11,1,23,11,1,20,11,1,,,1,5,,2,4,2,1,2,2,4,5,5,1,3,3,5,3,1,4,4,2,5,5,,1,3,1,1,23,11,2,,0,0,0,,,Hakuna,Good Interview,,uuid:7b5d0fcb-c9fc-4a9d-90b8-ec9abcd9da5a,uuid:7b5d0fcb-c9fc-4a9d-90b8-ec9abcd9da5a,24,Tablet 2,2,2,,,collect:gkAUY0ozb0IEMNAS,0,205[encrypted:AYmtIFM+]
2023-08-23T14:38:37.997Z,2023-08-23T12:55:56.100+03:00,,23/08/2023,1,,1,,1,1,1,0,,26,11,0,23,7,1,22,7,0,,,1,5,,2,5,4,2,1,5,5,5,1,5,1,1,5,5,1,1,5,5,1,5,,1,2,1,3,22,11,2,,0,0,0,,,Hakuna,Excellent interview with intensive discussions,,uuid:5dd2bdc8-b587-4940-919d-a30f03b60be2,uuid:5dd2bdc8-b587-4940-919d-a30f03b60be2,24,Tablet 2,2,2,,,collect:gkAUY0ozb0IEMNAS,0,205[encrypted:AYmtIFM+]
2023-08-23T14:38:35.850Z,2023-08-23T12:25:27.413+03:00,,23/08/2023,1,,1,,1,2,1,0,,24,7,0,24,11,0,30,11,1,,,1,5,,1,5,4,2,2,4,4,5,2,4,3,2,3,4,2,5,2,4,5,4,,1,2,1,3,22,11,10,,0,0,0,,,What do you do with this data?I mean feedback,Good interview,,uuid:6cce10c7-d549-40e6-95ef-279d84d32fb2,uuid:6cce10c7-d549-40e6-95ef-279d84d32fb2,24,Tablet 2,2,2,,,collect:gkAUY0ozb0IEMNAS,0,205[encrypted:AYmtIFM+]
2023-08-23T14:38:31.228Z,2023-08-23T10:25:14.551+03:00,,23/08/2023,1,,1,,1,1,1,0,,25,11,0,24,4,1,24,9,0,,,1,5,,1,5,2,1,2,1,5,4,1,2,5,1,5,1,1,4,5,5,4,4,,1,1,1,1,18,7,2,,0,0,0,,,Hakuna,Nice interview,,uuid:d55a58ad-1a8c-46c7-88d9-8edddc7fab95,uuid:d55a58ad-1a8c-46c7-88d9-8edddc7fab95,24,Tablet 2,2,2,,,collect:gkAUY0ozb0IEMNAS,0,205[encrypted:AYmtIFM+]
2023-08-22T13:11:37.124Z,2023-08-22T12:59:02.346+03:00,,22/08/2023,1,OK,1,,2,3,1,0,,18,7,1,22,7,1,29,11,1,,,1,5,,1,5,2,2,2,2,2,5,5,2,3,3,4,2,2,2,4,2,4,1,,1,2,2,1,26,13,,,0,0,0,,,,,,uuid:c5086875-d3ab-416e-873d-c77ae019ac40,uuid:c5086875-d3ab-416e-873d-c77ae019ac40,24,Tablet 2,2,2,,,collect:gkAUY0ozb0IEMNAS,0,205[encrypted:AYmtIFM+]
2023-08-22T13:11:35.603Z,2023-08-22T12:26:11.382+03:00,,22/08/2023,1,OK,1,,2,1,0,1,,25,5,1,23,9,1,24,13,1,,,1,5,,1,5,1,1,1,4,5,2,2,1,2,4,4,2,2,2,3,2,2,2,,1,2,2,2,27,13,4 2,,1,1,2,,,,,,uuid:29967a7a-bd29-4e32-8d2c-33e91f1fbbd0,uuid:29967a7a-bd29-4e32-8d2c-33e91f1fbbd0,24,Tablet 2,2,2,,,collect:gkAUY0ozb0IEMNAS,0,205[encrypted:AYmtIFM+]
2023-08-22T13:11:34.282Z,2023-08-22T11:21:40.554+03:00,,22/08/2023,1,OK,1,,2,3,1,0,,23,7,1,21,7,1,24,11,1,,,1,5,,1,5,2,2,2,2,4,4,4,4,4,3,3,4,2,2,3,2,2,4,,1,2,2,3,26,15,4,,0,0,1,,,There must be education in the churches about relationships and gender issues ,,,uuid:d6aaa6ce-1bf9-4a99-83f0-0e6fdfd45238,uuid:d6aaa6ce-1bf9-4a99-83f0-0e6fdfd45238,24,Tablet 2,2,2,,,collect:gkAUY0ozb0IEMNAS,0,205[encrypted:AYmtIFM+]
2023-08-22T13:11:31.532Z,2023-08-22T10:56:41.501+03:00,,22/08/2023,1,OK,1,,2,3,1,0,,22,7,1,30,7,1,28,10,1,,,1,5,,1,5,1,1,1,4,4,4,3,4,2,4,4,4,1,1,2,2,3,4,,1,2,3,2,26,15,5 11,,0,0,0,,,,,,uuid:f6525a8a-c38c-4ef5-986d-1cc67ce2291b,uuid:f6525a8a-c38c-4ef5-986d-1cc67ce2291b,24,Tablet 2,2,2,,,collect:gkAUY0ozb0IEMNAS,0,205[encrypted:AYmtIFM+]
2023-08-22T13:11:26.095Z,2023-08-22T10:18:13.580+03:00,,22/08/2023,1,OK,1,,2,3,1,0,,20,7,1,26,7,1,24,11,1,,,1,5,,1,5,2,2,2,2,4,4,4,2,5,2,2,1,4,2,4,1,4,4,,1,2,2,3,24,0,4,,1,0,1,,,,,,uuid:071a1695-f973-4139-ad49-5371380588e3,uuid:071a1695-f973-4139-ad49-5371380588e3,24,Tablet 2,2,2,,,collect:gkAUY0ozb0IEMNAS,0,205[encrypted:AYmtIFM+]
2023-08-21T13:05:29.445Z,2023-08-21T13:23:24.227+03:00,,21/08/2023,1,OK,1,,2,3,1,0,,27,7,1,24,7,1,23,10,1,,,1,5,,1,5,2,2,2,4,3,4,4,4,4,4,3,2,2,2,2,3,2,2,,1,2,2,2,21,8,2 4,,0,0,0,,,,,,uuid:71686acd-1e94-4610-a93e-db45c774b75d,uuid:71686acd-1e94-4610-a93e-db45c774b75d,21,Tablet 3,2,2,,,collect:bdJSB2Qr9ZA7I3SS,0,205[encrypted:AYmtIFM+]
2023-08-21T13:05:24.818Z,2023-08-21T12:57:59.750+03:00,,21/08/2023,1,OK,1,,2,3,1,0,,19,9,1,22,0,1,18,8,1,,,1,5,,1,5,3,3,2,1,4,4,2,4,4,2,2,2,2,3,3,1,2,2,,1,2,2,3,18,9,2,,0,0,0,,,,,,uuid:0d8df8b7-31ad-4f1b-ad68-10e7bca0e457,uuid:0d8df8b7-31ad-4f1b-ad68-10e7bca0e457,21,Tablet 3,2,2,,,collect:bdJSB2Qr9ZA7I3SS,0,205[encrypted:AYmtIFM+]
2023-08-21T13:05:21.217Z,2023-08-21T11:46:06.437+03:00,,21/08/2023,1,OK,1,,1,3,1,0,,24,11,1,23,11,1,26,15,1,,,1,5,,1,5,3,3,1,2,3,4,2,4,3,3,2,2,1,5,3,2,4,3,,1,2,2,2,23,11,2 4,,0,0,0,,,,,,uuid:f2271b5a-3afb-41a6-be1a-637575d9bac3,uuid:f2271b5a-3afb-41a6-be1a-637575d9bac3,21,Tablet 3,2,2,,,collect:bdJSB2Qr9ZA7I3SS,0,205[encrypted:AYmtIFM+]
2023-08-21T13:05:17.118Z,2023-08-21T11:23:44.268+03:00,,21/08/2023,1,OK,1,,2,3,1,0,,21,11,1,18,7,1,22,9,1,,,1,5,,1,5,1,1,1,4,3,2,4,3,4,4,3,2,1,2,2,2,2,2,,1,2,3,2,20,7,2 8 7,,0,0,0,,,,,,uuid:c45f5a68-6c48-4ed9-83a6-feadec31a934,uuid:c45f5a68-6c48-4ed9-83a6-feadec31a934,21,Tablet 3,2,2,,,collect:bdJSB2Qr9ZA7I3SS,0,205[encrypted:AYmtIFM+]
2023-08-21T13:05:14.155Z,2023-08-21T10:39:55.961+03:00,,21/08/2023,1,OK,1,,2,3,1,0,,23,7,1,28,15,1,25,11,1,,,1,5,,1,5,2,2,1,4,4,5,1,4,1,3,3,2,2,1,4,2,2,5,,1,2,2,3,19,11,4,,0,0,0,,,,,,uuid:d22bdfc3-260a-4419-8d25-c11c626f215e,uuid:d22bdfc3-260a-4419-8d25-c11c626f215e,21,Tablet 3,2,2,,,collect:bdJSB2Qr9ZA7I3SS,0,205[encrypted:AYmtIFM+]
2023-08-21T13:05:12.020Z,2023-08-21T10:12:54.500+03:00,,21/08/2023,1,OK,1,,2,1,1,0,,22,15,1,22,11,1,26,11,1,,,1,5,,2,5,4,4,2,4,4,4,5,4,5,4,3,1,2,5,2,1,2,4,,1,2,2,3,22,13,10 4,,0,0,0,,,,,,uuid:4d9bb89c-c381-4b82-9e05-d50524f52949,uuid:4d9bb89c-c381-4b82-9e05-d50524f52949,21,Tablet 3,2,2,,,collect:bdJSB2Qr9ZA7I3SS,0,205[encrypted:AYmtIFM+]
2023-08-21T13:05:08.359Z,2023-08-21T09:41:29.528+03:00,,21/08/2023,1,OK,1,,2,1,1,0,,23,7,1,18,7,1,20,9,1,,,1,5,,4,5,4,4,1,4,5,5,4,5,2,4,4,3,2,5,2,2,4,5,,1,2,2,3,23,11,2 4,,0,0,0,,,,,,uuid:d68df9fd-0022-40b7-88c0-7688e34d2449,uuid:d68df9fd-0022-40b7-88c0-7688e34d2449,21,Tablet 3,2,2,,,collect:bdJSB2Qr9ZA7I3SS,0,205[encrypted:AYmtIFM+]
2023-08-21T12:59:04.927Z,2023-08-21T13:54:36.557+03:00,,21/08/2023,1,,1,,2,2,1,0,,18,11,1,24,10,1,22,6,0,,,1,5,,2,5,3,1,1,2,4,4,2,4,2,1,3,4,1,4,5,1,5,5,,1,1,1,2,18,7,8 98,Footballer,0,0,0,,,Men should particate in supporting women like cooking and fetching water and house work.,"Good interview,one participants was moving out and in during the interview,he did not cover all the response.",,uuid:07be99ed-09f8-4eaf-86d8-031e0c6e6d8b,uuid:07be99ed-09f8-4eaf-86d8-031e0c6e6d8b,24,Tablet 2,2,2,,,collect:gkAUY0ozb0IEMNAS,0,205[encrypted:AYmtIFM+]
2023-08-21T12:59:03.054Z,2023-08-21T13:20:49.605+03:00,,21/08/2023,1,,1,,2,2,1,0,,15,11,1,24,15,0,24,7,1,,,1,5,,3,2,2,1,1,5,5,4,1,5,1,2,1,4,1,1,5,4,5,5,,1,1,1,3,18,10,7,,0,0,0,,,Hakuna,Good interview,,uuid:ac120ef6-b6e6-421f-85a0-2ebf403758fa,uuid:ac120ef6-b6e6-421f-85a0-2ebf403758fa,24,Tablet 2,2,2,,,collect:gkAUY0ozb0IEMNAS,0,205[encrypted:AYmtIFM+]
2023-08-21T12:59:01.058Z,2023-08-21T12:12:09.745+03:00,,21/08/2023,1,,1,,2,1,1,0,,25,7,0,24,11,1,27,4,1,,,1,5,,1,5,5,5,1,1,5,5,1,5,5,2,1,5,1,4,5,1,5,1,,1,2,1,3,19,4,2,,0,0,0,,,Hakuna,Good interview,,uuid:a39e9397-b5e2-4d02-a74c-c7f2d71fc0ea,uuid:a39e9397-b5e2-4d02-a74c-c7f2d71fc0ea,24,Tablet 2,2,2,,,collect:gkAUY0ozb0IEMNAS,0,205[encrypted:AYmtIFM+]
2023-08-21T12:58:59.182Z,2023-08-21T11:44:59.885+03:00,,21/08/2023,1,,1,,2,1,1,0,,23,7,0,24,6,1,19,9,1,,,1,5,,1,5,1,2,1,3,5,5,5,3,5,3,4,4,2,1,5,5,3,4,,1,2,1,3,19,10,,,,,,,,Ha kuna,Good interview,,uuid:1f0869ab-5c8a-4fe8-ac51-d939585d9bea,uuid:1f0869ab-5c8a-4fe8-ac51-d939585d9bea,24,Tablet 2,2,2,,,collect:gkAUY0ozb0IEMNAS,0,205[encrypted:AYmtIFM+]
2023-08-21T12:58:57.030Z,2023-08-21T10:59:28.653+03:00,,21/08/2023,1,,1,,2,1,1,0,,24,9,0,22,7,1,23,5,1,,,1,5,,1,5,1,1,1,4,4,5,2,5,4,1,4,5,1,4,5,2,5,5,,1,2,1,2,21,11,2,,0,0,0,,,The education should be given to community about rights and community support to women,Interesting interview with multiple response,,uuid:ec6d7852-f385-40e5-871f-7c18ce117722,uuid:ec6d7852-f385-40e5-871f-7c18ce117722,24,Tablet 2,2,2,,,collect:gkAUY0ozb0IEMNAS,0,205[encrypted:AYmtIFM+]
2023-08-21T12:58:54.341Z,2023-08-21T10:00:44.889+03:00,,21/08/2023,1,,1,,1,1,1,0,,23,11,0,22,11,0,18,7,1,,,1,5,,1,5,4,2,1,2,5,5,4,4,1,4,5,4,1,1,2,4,5,5,,1,2,3,1,22,11,0,,0,0,0,,,Hakuna,Good interview with complex contribution,,uuid:3032f2a7-2d46-4046-b9fd-df5764c87462,uuid:3032f2a7-2d46-4046-b9fd-df5764c87462,24,Tablet 2,2,2,,,collect:gkAUY0ozb0IEMNAS,0,205[encrypted:AYmtIFM+]
2023-08-21T12:58:52.429Z,2023-08-19T13:13:06.622+03:00,,19/08/2023,1,,1,,2,1,1,0,,18,9,1,20,0,0,20,7,1,,,1,5,,1,4,1,2,2,4,5,4,2,5,2,2,4,5,1,1,4,2,5,4,,1,1,1,1,18,9,7,,0,0,0,,,Hakuna,Moderate interview,,uuid:e331a8f9-dcf4-46c5-9cb7-93d589452e80,uuid:e331a8f9-dcf4-46c5-9cb7-93d589452e80,24,Tablet 2,2,2,,,collect:gkAUY0ozb0IEMNAS,0,205[encrypted:AYmtIFM+]
2023-08-21T12:58:49.852Z,2023-08-19T12:50:30.180+03:00,,19/08/2023,1,,1,,1,1,1,0,,22,9,1,18,9,1,23,10,1,,,1,5,,1,5,2,1,1,1,5,5,4,4,5,2,1,5,1,1,5,5,5,5,,1,2,3,1,23,9,7,,0,0,0,,,Hapana,Normal interview,,uuid:18776d60-20e8-46eb-9867-58bcac803e15,uuid:18776d60-20e8-46eb-9867-58bcac803e15,24,Tablet 2,2,2,,,collect:gkAUY0ozb0IEMNAS,0,205[encrypted:AYmtIFM+]
2023-08-21T12:58:47.321Z,2023-08-19T11:55:35.442+03:00,,19/08/2023,1,,1,,1,1,1,0,,18,12,1,18,15,1,19,7,1,,,1,5,,2,5,1,2,1,5,5,5,5,5,3,3,4,4,1,1,5,4,2,5,,1,2,3,3,18,15,10,,0,0,0,,,How does this research help the community?,Smooth interview,,uuid:db3bf992-92b7-466d-9d1b-cce8a59e92e8,uuid:db3bf992-92b7-466d-9d1b-cce8a59e92e8,24,Tablet 2,2,2,,,collect:gkAUY0ozb0IEMNAS,0,205[encrypted:AYmtIFM+]
2023-08-21T12:58:40.318Z,2023-08-19T11:30:28.812+03:00,,19/08/2023,1,,1,,1,1,1,0,,19,7,1,23,5,1,21,7,1,,,1,5,,1,5,5,3,4,2,4,3,1,2,4,2,1,3,3,5,3,5,4,3,,1,2,3,1,24,7,2,,0,0,0,,,What happen after this?,Good interview,,uuid:285d09c4-1c1e-43bf-962e-34c368849c4c,uuid:285d09c4-1c1e-43bf-962e-34c368849c4c,24,Tablet 2,2,2,,,collect:gkAUY0ozb0IEMNAS,0,205[encrypted:AYmtIFM+]
2023-08-21T12:58:34.389Z,2023-08-19T10:50:46.099+03:00,,19/08/2023,1,,1,,1,1,1,0,,23,11,1,24,11,1,21,11,1,,,1,5,,2,5,2,1,1,3,5,5,3,5,4,2,5,4,2,4,5,4,3,2,,1,2,1,2,24,11,2,,1,1,2,,,Hakuna,Goodbinterview,,uuid:04dd45ed-e004-4aa4-be85-7ba49a7f6001,uuid:04dd45ed-e004-4aa4-be85-7ba49a7f6001,24,Tablet 2,2,2,,,collect:gkAUY0ozb0IEMNAS,0,205[encrypted:AYmtIFM+]
2023-08-18T16:13:35.841Z,2023-08-18T13:58:59.891+03:00,,18/08/2023,1,,1,,2,1,1,0,,20,11,1,20,7,1,19,11,1,,,1,5,,1,5,3,5,1,1,5,5,3,2,5,1,3,1,2,4,4,5,5,3,,1,2,3,2,25,10,7,,0,1,2,,,Hakuna,Good interview,,uuid:1ac4d00b-0fa6-4243-9030-e20b934f5523,uuid:1ac4d00b-0fa6-4243-9030-e20b934f5523,21,Tablet 3,2,2,,,collect:bdJSB2Qr9ZA7I3SS,0,205[encrypted:AYmtIFM+]
2023-08-18T16:13:31.602Z,2023-08-18T13:04:09.615+03:00,,18/08/2023,1,,1,,2,1,1,0,,24,6,1,19,9,1,19,10,0,,,1,5,,1,4,4,1,1,2,5,5,2,5,5,4,4,5,1,1,1,1,4,5,,1,2,3,1,22,7,7,,1,0,1,,,Hapana,Good interview,,uuid:a191dd97-2b0a-455e-b15e-cad3ab1062d6,uuid:a191dd97-2b0a-455e-b15e-cad3ab1062d6,21,Tablet 3,2,2,,,collect:bdJSB2Qr9ZA7I3SS,0,205[encrypted:AYmtIFM+]
2023-08-18T16:13:29.398Z,2023-08-18T12:20:07.897+03:00,,18/08/2023,1,,1,,2,1,1,0,,18,12,0,18,11,0,18,10,0,,,1,5,,1,5,5,5,5,4,5,5,2,1,5,1,5,5,1,5,5,5,2,2,,1,2,1,2,24,11,7 98,Farming,,0,1,,,Why asking women question,Good interview,,uuid:ac4b2f6a-343f-4c2c-8ca2-a448fbe3b633,uuid:ac4b2f6a-343f-4c2c-8ca2-a448fbe3b633,21,Tablet 3,2,2,,,collect:bdJSB2Qr9ZA7I3SS,0,205[encrypted:AYmtIFM+]
2023-08-18T16:13:25.352Z,2023-08-18T11:27:04.054+03:00,,18/08/2023,1,,1,,2,3,1,0,,19,6,1,19,10,1,20,10,0,,,1,5,,2,5,5,1,2,4,5,4,5,4,3,3,5,2,2,2,3,3,4,3,,1,2,3,3,25,11,8,,0,0,0,,,None,"The interview was quick and smooth,young men had little to say but I had good response from the main respondent.",,uuid:2909170d-379e-444b-b315-c6f5f1737f86,uuid:2909170d-379e-444b-b315-c6f5f1737f86,21,Tablet 3,2,2,,,collect:bdJSB2Qr9ZA7I3SS,0,205[encrypted:AYmtIFM+]
2023-08-18T16:13:22.035Z,2023-08-18T10:40:13.142+03:00,,18/08/2023,1,,1,,2,1,1,0,,26,11,1,18,11,0,19,11,0,,,1,5,,4,5,5,5,1,5,4,3,1,4,5,5,1,5,3,2,4,1,3,5,,1,2,3,1,29,11,98,Footballer,0,0,1,,,"If you have sex with your wife is like your separated because condom keeps you apart while a husband and wife are counted as one body.And I have never seen a house boy hired to take care of the children therefore ,women and girls are responsible for washing children and feed them.",Very interesting interview,,uuid:aa4f5402-fadd-4ef0-9d9e-747593fdd5c3,uuid:aa4f5402-fadd-4ef0-9d9e-747593fdd5c3,21,Tablet 3,2,2,,,collect:bdJSB2Qr9ZA7I3SS,0,205[encrypted:AYmtIFM+]
2023-08-18T16:13:18.213Z,2023-08-18T10:02:47.053+03:00,,18/08/2023,1,,1,,1,1,1,0,,23,11,0,30,11,1,25,5,1,,,1,5,,2,2,5,2,2,2,5,4,3,3,2,2,3,4,4,2,3,3,3,3,,1,1,1,3,23,11,2,,0,0,0,,,Hakuna,Good interview.One participants left when three last last question were asked.,,uuid:7ddf5894-90f7-4f72-acac-524e4c688eb0,uuid:7ddf5894-90f7-4f72-acac-524e4c688eb0,21,Tablet 3,2,2,,,collect:bdJSB2Qr9ZA7I3SS,0,205[encrypted:AYmtIFM+]
2023-08-18T16:12:03.097Z,2023-08-18T10:29:43.499+03:00,,18/08/2023,1,OK,1,,2,1,1,0,,19,11,1,28,7,1,23,7,1,,,1,5,,2,5,5,4,2,4,3,2,2,2,5,2,2,1,2,1,5,3,4,2,,1,2,2,3,21,11,2,,0,0,0,,,,,,uuid:4ee80b18-86f1-479e-81b8-a9f168cd3733,uuid:4ee80b18-86f1-479e-81b8-a9f168cd3733,24,Tablet 2,2,2,,,collect:gkAUY0ozb0IEMNAS,0,205[encrypted:AYmtIFM+]
2023-08-18T16:11:54.677Z,2023-08-18T09:54:00.882+03:00,,18/08/2023,1,OK,1,,2,1,1,0,,23,11,1,30,7,1,21,10,1,,,1,5,,2,2,2,2,1,4,5,5,4,3,3,4,4,2,2,2,4,1,2,5,,1,2,2,3,26,7,4,,1,0,1,,,,,,uuid:0f612749-b12a-4c54-880c-3df4436e65aa,uuid:0f612749-b12a-4c54-880c-3df4436e65aa,24,Tablet 2,2,2,,,collect:gkAUY0ozb0IEMNAS,0,205[encrypted:AYmtIFM+]
2023-08-17T16:43:50.642Z,2023-08-17T13:24:01.534+03:00,,17/08/2023,1,OK,1,,2,1,1,0,,30,7,1,25,5,1,22,9,1,,,1,5,,1,5,3,3,2,2,5,5,5,4,5,2,2,1,2,2,2,3,3,2,,1,2,3,1,28,7,2,,1,0,3,,,,,,uuid:28e0776d-dfbe-41de-96cf-d23c9ba370b9,uuid:28e0776d-dfbe-41de-96cf-d23c9ba370b9,24,Tablet 2,2,2,,,collect:gkAUY0ozb0IEMNAS,0,205[encrypted:AYmtIFM+]
2023-08-17T16:43:49.459Z,2023-08-17T11:55:20.111+03:00,,17/08/2023,1,OK,1,,2,1,1,0,,28,10,1,24,7,0,21,7,1,,,1,5,,2,5,2,2,2,2,2,5,5,4,4,4,4,1,2,1,4,1,2,4,,1,2,2,3,27,11,7,,1,0,1,,,,,,uuid:a8caa996-55ab-4613-92b9-e8a48a516d75,uuid:a8caa996-55ab-4613-92b9-e8a48a516d75,24,Tablet 2,2,2,,,collect:gkAUY0ozb0IEMNAS,0,205[encrypted:AYmtIFM+]
2023-08-17T16:43:42.115Z,2023-08-17T10:41:50.114+03:00,,17/08/2023,1,OK,1,,2,3,1,0,,30,7,1,29,7,1,30,7,1,,,1,5,,1,2,2,2,2,4,2,5,3,2,5,2,2,2,2,2,4,3,4,2,,1,2,2,3,30,11,7 8,,1,0,3,,,,,,uuid:ef358572-2a7b-4b6e-be50-c2443dcbdc47,uuid:ef358572-2a7b-4b6e-be50-c2443dcbdc47,24,Tablet 2,2,2,,,collect:gkAUY0ozb0IEMNAS,0,205[encrypted:AYmtIFM+]
2023-08-17T16:43:39.365Z,2023-08-17T09:57:40.024+03:00,,17/08/2023,1,OK,1,,2,3,1,0,,26,11,1,29,7,1,30,7,1,,,1,5,,3,5,4,2,1,4,5,5,4,4,2,4,4,2,1,2,3,2,2,4,,1,2,3,2,27,9,2 4,,1,0,2,,,,,,uuid:f2787077-2309-48b2-8a56-5bde30ccd310,uuid:f2787077-2309-48b2-8a56-5bde30ccd310,24,Tablet 2,2,2,,,collect:gkAUY0ozb0IEMNAS,0,205[encrypted:AYmtIFM+]
2023-08-17T16:43:38.014Z,2023-08-17T09:32:35.968+03:00,,17/08/2023,,OK,1,,1,3,1,0,,19,11,1,19,8,1,21,7,1,,,1,5,,1,5,4,4,2,2,4,4,4,2,2,4,2,2,2,4,4,2,2,2,,1,2,2,3,24,7,4,,1,0,2,,,,,,uuid:c1a11fd1-6ad0-4527-96ba-2a9d5a493482,uuid:c1a11fd1-6ad0-4527-96ba-2a9d5a493482,24,Tablet 2,2,2,,,collect:gkAUY0ozb0IEMNAS,0,205[encrypted:AYmtIFM+]
2023-08-16T18:00:31.272Z,2023-08-16T13:07:06.317+03:00,,16/08/2023,1,OK,1,,2,3,1,0,,28,10,1,23,7,1,28,11,1,,,1,5,,1,5,4,3,1,5,5,5,4,4,2,3,3,4,2,2,2,1,2,4,,1,2,2,3,25,11,4,,1,0,2,,,,,,uuid:88241102-4a51-4123-b01b-dace70a991c3,uuid:88241102-4a51-4123-b01b-dace70a991c3,24,Tablet 2,2,2,,,collect:gkAUY0ozb0IEMNAS,0,205[encrypted:AYmtIFM+]
2023-08-16T18:00:30.055Z,2023-08-16T12:15:06.709+03:00,,16/08/2023,1,OK,1,,2,1,1,0,,21,7,1,19,7,1,21,7,1,,,1,5,,1,5,5,4,1,5,5,5,5,4,2,2,2,1,1,1,5,2,5,5,,1,2,2,3,23,10,2 7,,0,0,1,,,,,,uuid:53dfcf29-b94c-443a-8c2e-72e1548c1532,uuid:53dfcf29-b94c-443a-8c2e-72e1548c1532,24,Tablet 2,2,2,,,collect:gkAUY0ozb0IEMNAS,0,205[encrypted:AYmtIFM+]
2023-08-16T18:00:28.799Z,2023-08-16T11:08:44.489+03:00,,16/08/2023,1,OK,1,,1,1,1,0,,23,4,1,23,11,1,21,,1,,,1,5,,1,5,4,2,1,4,5,5,5,5,3,4,4,2,1,1,2,2,2,5,,1,2,2,3,24,11,2,,0,0,0,,,There has to be community meeting that will a dress issues about Gender and see opinions from both men and women,,,uuid:769d7c8a-db3f-4a93-8e7c-cbda23160ce5,uuid:769d7c8a-db3f-4a93-8e7c-cbda23160ce5,24,Tablet 2,2,2,,,collect:gkAUY0ozb0IEMNAS,0,205[encrypted:AYmtIFM+]
2023-08-16T18:00:26.990Z,2023-08-16T10:43:22.316+03:00,,16/08/2023,1,OK,1,,2,2,1,0,,20,7,1,23,9,1,20,11,1,,,1,5,,2,3,2,2,2,4,4,4,4,3,2,2,3,2,2,4,4,1,3,4,,1,2,2,3,20,11,2,,0,0,0,,,,,,uuid:d9c765a4-6a62-4f32-971d-05cf76217e59,uuid:d9c765a4-6a62-4f32-971d-05cf76217e59,24,Tablet 2,2,2,,,collect:gkAUY0ozb0IEMNAS,0,205[encrypted:AYmtIFM+]
2023-08-16T18:00:25.917Z,2023-08-16T10:05:11.662+03:00,,16/08/2023,1,OK,1,,2,1,1,0,,22,7,1,23,7,1,19,11,1,,,1,5,,2,5,4,2,2,4,4,4,4,4,2,2,2,2,2,2,2,3,3,3,,1,2,2,3,19,11,2,,0,0,0,,,,,,uuid:13353cef-99b9-4c8e-865a-4f621b075afc,uuid:13353cef-99b9-4c8e-865a-4f621b075afc,24,Tablet 2,2,2,,,collect:gkAUY0ozb0IEMNAS,0,205[encrypted:AYmtIFM+]
2023-08-16T18:00:24.444Z,2023-08-16T09:37:05.993+03:00,,16/08/2023,1,OK,1,,1,3,1,0,,24,11,1,21,7,1,26,7,1,,,1,5,,1,4,3,3,1,4,4,5,2,2,5,4,2,2,4,4,2,2,4,1,,1,1,3,2,24,7,2 8,,0,0,0,,,,,,uuid:8c25a146-1865-4193-a360-964989e983f4,uuid:8c25a146-1865-4193-a360-964989e983f4,24,Tablet 2,2,2,,,collect:gkAUY0ozb0IEMNAS,0,205[encrypted:AYmtIFM+]
2023-08-16T18:00:10.705Z,2023-08-16T13:42:52.265+03:00,,16/08/2023,1,,1,,2,1,1,0,,23,11,1,25,11,1,23,7,1,,,1,5,,1,5,3,1,1,3,5,4,2,4,4,3,3,3,1,2,5,5,4,2,,1,2,3,3,28,7,2 8,,1,1,2,,,Hakuna,Good interview and complex,,uuid:84fcb136-6778-4666-8fc4-d32faa40053b,uuid:84fcb136-6778-4666-8fc4-d32faa40053b,21,Tablet 3,2,2,,,collect:bdJSB2Qr9ZA7I3SS,0,205[encrypted:AYmtIFM+]
2023-08-16T18:00:09.224Z,2023-08-16T13:03:43.847+03:00,,16/08/2023,1,,1,,1,1,1,0,,24,6,1,24,4,1,19,11,1,,,1,5,,2,3,1,2,1,5,5,5,3,4,3,5,5,4,1,4,5,2,4,4,,1,2,1,3,23,11,2,,0,0,0,,,Hakuna,Good interview,,uuid:460803f4-6e9c-4759-9166-ad05e35ad599,uuid:460803f4-6e9c-4759-9166-ad05e35ad599,21,Tablet 3,2,2,,,collect:bdJSB2Qr9ZA7I3SS,0,205[encrypted:AYmtIFM+]
2023-08-16T18:00:08.065Z,2023-08-16T12:20:20.240+03:00,,16/08/2023,1,,1,,1,1,1,0,,25,8,1,19,7,0,30,11,1,,,1,5,,2,5,2,2,2,4,4,5,2,4,5,4,5,1,4,2,5,2,2,4,,1,1,1,3,20,15,7,,0,0,0,,,Hakuna,Good interview,,uuid:8726a69c-fd54-4597-b19f-26266d1ef05c,uuid:8726a69c-fd54-4597-b19f-26266d1ef05c,21,Tablet 3,2,2,,,collect:bdJSB2Qr9ZA7I3SS,0,205[encrypted:AYmtIFM+]
2023-08-16T18:00:06.903Z,2023-08-16T11:20:01.133+03:00,,16/08/2023,1,,1,,1,2,1,0,,24,10,1,18,9,1,23,7,1,,,1,5,,2,5,2,1,1,4,5,5,4,4,1,2,4,5,2,2,4,5,5,5,,1,2,1,2,23,15,10,,0,0,1,,,Hapana,Smooth interview,,uuid:46cb8f0f-8b3d-4be5-a19d-bab22b2a97b8,uuid:46cb8f0f-8b3d-4be5-a19d-bab22b2a97b8,21,Tablet 3,2,2,,,collect:bdJSB2Qr9ZA7I3SS,0,205[encrypted:AYmtIFM+]
2023-08-16T18:00:05.247Z,2023-08-16T10:11:34.184+03:00,,16/08/2023,1,,1,,1,1,1,0,,23,11,0,21,11,0,24,7,1,,,1,5,,2,5,5,5,1,5,5,5,2,5,5,3,2,4,1,2,1,5,1,2,,1,2,1,3,24,8,6,,1,1,3,,,None,Good interview,,uuid:a7e00c31-2de4-47ac-ab41-0a6c3e5936f1,uuid:a7e00c31-2de4-47ac-ab41-0a6c3e5936f1,21,Tablet 3,2,2,,,collect:bdJSB2Qr9ZA7I3SS,0,205[encrypted:AYmtIFM+]
2023-08-15T13:26:15.270Z,2023-08-15T14:01:31.894+03:00,,15/08/2023,1,OK,1,,1,3,1,0,,25,11,1,24,15,1,23,15,1,,,1,5,,1,5,2,2,1,2,5,5,3,2,1,4,4,2,1,3,2,2,4,1,,1,2,2,3,23,15,0,,0,0,1,,,Education about love affairs should be provided so that men and women can have good relationship,,,uuid:ce44c123-99e8-4be9-9f74-1bfb1b81b2e4,uuid:ce44c123-99e8-4be9-9f74-1bfb1b81b2e4,24,Tablet 2,2,2,,,collect:gkAUY0ozb0IEMNAS,0,205[encrypted:AYmtIFM+]
2023-08-15T13:26:13.357Z,2023-08-15T13:19:36.886+03:00,,15/08/2023,1,OK,1,,1,3,1,0,,24,11,1,21,11,1,26,11,1,,,1,5,,2,5,3,3,2,1,4,4,2,2,4,2,4,5,4,2,2,2,4,4,,1,2,3,3,24,7,2,,0,0,0,,,"There is always a problem with a woman having more money than a Man,,,women become arrogant and take power over men",,,uuid:b85ca332-f4f7-432b-a3e2-2a3c65c1e4f7,uuid:b85ca332-f4f7-432b-a3e2-2a3c65c1e4f7,24,Tablet 2,2,2,,,collect:gkAUY0ozb0IEMNAS,0,205[encrypted:AYmtIFM+]
2023-08-15T13:26:07.969Z,2023-08-15T12:39:39.803+03:00,,15/08/2023,1,OK,1,,2,3,1,1,,22,6,1,25,11,0,20,8,1,,,1,5,,1,5,3,3,1,3,4,5,3,1,4,2,3,2,4,2,2,2,5,2,,1,2,3,3,19,11,2,,0,0,0,,,,,,uuid:a95a3b34-414c-456e-a822-46ff5c70cf53,uuid:a95a3b34-414c-456e-a822-46ff5c70cf53,24,Tablet 2,2,2,,,collect:gkAUY0ozb0IEMNAS,0,205[encrypted:AYmtIFM+]
2023-08-15T13:26:03.395Z,2023-08-15T11:58:01.128+03:00,,15/08/2023,1,OK,1,,1,1,1,0,,29,11,1,24,11,1,24,0,1,,,1,5,,1,5,5,5,3,1,4,5,3,4,5,2,4,1,3,2,3,2,3,2,,1,1,3,1,24,11,7,,0,0,0,,,,,,uuid:19c571a0-4757-4ab1-89b2-454b2b68cf48,uuid:19c571a0-4757-4ab1-89b2-454b2b68cf48,24,Tablet 2,2,2,,,collect:gkAUY0ozb0IEMNAS,0,205[encrypted:AYmtIFM+]
2023-08-15T13:26:01.054Z,2023-08-15T11:21:56.610+03:00,,15/08/2023,1,OK,1,,2,3,1,1,,21,11,1,20,7,1,26,7,1,,,1,5,,3,5,4,4,2,1,4,5,4,5,2,3,5,4,2,2,2,5,2,4,,1,2,2,3,21,11,7 2,,0,0,1,,,,,,uuid:26465ca0-4d0c-4c87-b670-58c11e59699a,uuid:26465ca0-4d0c-4c87-b670-58c11e59699a,24,Tablet 2,2,2,,,collect:gkAUY0ozb0IEMNAS,0,205[encrypted:AYmtIFM+]
2023-08-15T13:25:57.857Z,2023-08-15T10:51:09.300+03:00,,15/08/2023,1,OK,1,,1,2,1,0,,20,7,1,25,7,1,26,9,1,,,1,5,,1,5,4,4,2,1,5,5,4,2,2,2,3,1,2,1,2,2,2,1,,1,2,2,2,29,11,7,,0,0,1,,,,,,uuid:cb16c8c7-75b0-4fd3-b3a7-90338f6fda34,uuid:cb16c8c7-75b0-4fd3-b3a7-90338f6fda34,24,Tablet 2,2,2,,,collect:gkAUY0ozb0IEMNAS,0,205[encrypted:AYmtIFM+]
2023-08-15T13:25:55.588Z,2023-08-15T10:11:33.097+03:00,,15/08/2023,1,OK,1,,2,3,1,0,,25,7,1,26,13,1,24,7,1,,,1,5,,1,5,1,1,1,2,4,5,3,5,4,1,3,5,1,4,5,1,4,3,,1,2,2,2,21,9,1 8,,1,0,0,,,,,,uuid:d95d9aed-6ae5-41fa-81b9-16b64cc2c888,uuid:d95d9aed-6ae5-41fa-81b9-16b64cc2c888,24,Tablet 2,2,2,,,collect:gkAUY0ozb0IEMNAS,0,205[encrypted:AYmtIFM+]
2023-08-15T13:25:31.841Z,2023-08-15T13:25:04.499+03:00,,15/08/2023,1,,1,,1,1,1,0,,27,11,1,24,11,1,24,11,1,,,1,5,,1,5,3,2,2,1,5,5,1,2,4,1,1,2,4,2,5,5,5,2,,1,2,1,1,24,11,7,,0,0,0,,,The research is good because it helps peoples understanding,Very good interview,,uuid:40d2e7be-244e-4754-80e0-16bf0a07c688,uuid:40d2e7be-244e-4754-80e0-16bf0a07c688,21,Tablet 3,2,2,,,collect:bdJSB2Qr9ZA7I3SS,0,205[encrypted:AYmtIFM+]
2023-08-15T13:25:30.644Z,2023-08-15T12:51:12.144+03:00,,15/08/2023,1,,1,,1,1,1,0,,23,11,1,19,7,0,21,7,1,,,1,5,,2,5,5,1,1,2,5,5,4,5,2,3,5,5,1,1,5,2,2,2,,1,2,1,3,25,7,8,,0,0,1,,,Hakuna,Good interview,,uuid:ddcca984-7703-4d7d-ac16-4a8bdc254d5c,uuid:ddcca984-7703-4d7d-ac16-4a8bdc254d5c,21,Tablet 3,2,2,,,collect:bdJSB2Qr9ZA7I3SS,0,205[encrypted:AYmtIFM+]
2023-08-15T13:25:29.058Z,2023-08-15T12:04:50.587+03:00,,15/08/2023,1,,1,,2,1,1,0,,23,11,0,18,6,0,23,5,0,,,1,5,,1,5,5,2,5,1,5,5,5,4,5,2,1,2,2,4,5,5,5,4,,2,1,1,3,18,6,2,,0,0,0,,,Hakuna,The interview was normal,,uuid:142b4679-b6fb-4c82-89fb-b0209393fedd,uuid:142b4679-b6fb-4c82-89fb-b0209393fedd,21,Tablet 3,2,2,,,collect:bdJSB2Qr9ZA7I3SS,0,205[encrypted:AYmtIFM+]
2023-08-15T13:25:25.984Z,2023-08-15T11:37:06.505+03:00,,15/08/2023,1,,1,,1,1,1,0,,27,9,1,23,7,1,23,11,1,,,1,5,,1,4,1,1,1,4,5,5,4,4,3,3,5,4,1,1,2,1,4,4,,1,1,3,1,24,11,2,,0,0,0,,,Hakuna,Good interview with arguement,,uuid:a2ae4dfc-ba27-46d6-8dbe-c85e6da7df37,uuid:a2ae4dfc-ba27-46d6-8dbe-c85e6da7df37,21,Tablet 3,2,2,,,collect:bdJSB2Qr9ZA7I3SS,0,205[encrypted:AYmtIFM+]
2023-08-15T13:25:23.184Z,2023-08-15T10:54:10.387+03:00,,15/08/2023,1,,1,,1,1,1,0,,24,15,1,22,11,1,19,13,1,,,1,5,,2,5,1,1,1,5,5,5,2,5,1,1,1,5,1,2,1,1,1,1,,1,2,1,2,30,11,2,,1,0,1,,,The education of patriarchal should be given,Good interview,,uuid:5424a0c7-c4e4-4b11-96bf-e047f65676de,uuid:5424a0c7-c4e4-4b11-96bf-e047f65676de,21,Tablet 3,2,2,,,collect:bdJSB2Qr9ZA7I3SS,0,205[encrypted:AYmtIFM+]
2023-08-15T13:25:20.845Z,2023-08-15T10:13:34.654+03:00,,15/08/2023,1,,1,,1,1,1,0,,18,10,1,25,11,0,23,13,0,,,1,5,,1,5,5,5,2,2,5,5,2,4,5,2,4,5,1,1,5,1,5,5,,1,2,1,2,19,11,2,,0,0,0,,,Kwenye watu  kuna migogoro  tunahitaji  kuresolve,Good interview,,uuid:9cd392e6-32a1-49c0-82cb-bd532f0f9fe8,uuid:9cd392e6-32a1-49c0-82cb-bd532f0f9fe8,21,Tablet 3,2,2,,,collect:bdJSB2Qr9ZA7I3SS,0,205[encrypted:AYmtIFM+]
2023-08-14T16:54:08.016Z,2023-08-14T13:07:46.796+03:00,,14/08/2023,1,,1,,2,2,1,0,,22,7,1,30,7,1,20,0,1,,,1,5,,2,5,2,2,1,5,5,4,2,4,4,3,5,5,2,5,2,2,5,5,,3,2,1,2,25,15,98,Duka la dawa  na Mpesa,1,0,3,,,The research is good because most people have less understanding on human rights.,The was good,,uuid:68d00ef8-a5d6-4032-8b14-8bebe5d3a417,uuid:68d00ef8-a5d6-4032-8b14-8bebe5d3a417,21,Tablet 3,2,2,,,collect:bdJSB2Qr9ZA7I3SS,0,205[encrypted:AYmtIFM+]
2023-08-14T16:54:06.903Z,2023-08-14T12:00:50.235+03:00,,14/08/2023,1,,1,,2,1,1,0,,19,9,1,20,11,1,21,7,1,,,1,5,,1,4,2,2,2,4,4,5,4,2,5,2,2,4,2,2,5,5,2,4,,1,2,1,1,20,11,7,,0,0,0,,,Sina maoni yoyote,"They did not allow my discussion ,they had straight response.",,uuid:78be1d30-a223-4a47-af88-189b35bcea44,uuid:78be1d30-a223-4a47-af88-189b35bcea44,21,Tablet 3,2,2,,,collect:bdJSB2Qr9ZA7I3SS,0,205[encrypted:AYmtIFM+]
2023-08-14T16:54:05.340Z,2023-08-14T11:26:34.871+03:00,,14/08/2023,1,,1,,1,2,1,0,,30,11,1,26,7,1,23,7,1,,,1,5,,1,5,1,1,1,3,5,4,4,4,2,4,5,1,1,2,5,4,2,4,,1,1,1,3,24,7,6,,1,0,0,,,Watu  wapewe  elimu  juu  ya mahusiano,The was excellent with a lot of ideas and complex contribution and funny,,uuid:695349ab-221a-4755-bcac-6281118529ae,uuid:695349ab-221a-4755-bcac-6281118529ae,21,Tablet 3,2,2,,,collect:bdJSB2Qr9ZA7I3SS,0,205[encrypted:AYmtIFM+]
2023-08-14T16:54:04.132Z,2023-08-14T10:41:54.321+03:00,,14/08/2023,1,,1,,2,1,1,0,,18,11,1,20,7,1,21,7,1,,,1,5,,3,4,3,3,4,4,4,4,5,3,1,3,5,3,3,3,4,1,3,3,,1,2,1,2,18,,2,,0,0,0,,,Hapana,The interview was short no much discussion and the respondent was straight,,uuid:f4899b56-b00a-43b4-a8fa-610c3f6bafd9,uuid:f4899b56-b00a-43b4-a8fa-610c3f6bafd9,21,Tablet 3,2,2,,,collect:bdJSB2Qr9ZA7I3SS,0,205[encrypted:AYmtIFM+]
2023-08-14T16:53:30.984Z,2023-08-14T12:58:39.157+03:00,,14/08/2023,1,OK,1,,1,2,1,0,,18,9,1,18,11,1,18,7,1,,,1,5,,1,5,5,5,1,2,4,5,5,2,5,2,2,1,2,2,2,2,2,5,,1,2,3,1,18,11,8 7,,0,0,0,,,,,,uuid:a51cbd25-d75a-495f-a3eb-2df97fe6eb39,uuid:a51cbd25-d75a-495f-a3eb-2df97fe6eb39,24,Tablet 2,2,2,,,collect:gkAUY0ozb0IEMNAS,0,205[encrypted:AYmtIFM+]
2023-08-14T16:53:28.603Z,2023-08-14T11:17:54.030+03:00,,14/08/2023,1,OK,1,,2,1,1,0,,20,6,1,19,15,1,21,4,1,,,1,5,,1,5,1,1,2,5,4,2,2,3,5,2,2,2,2,4,2,2,2,2,,1,2,2,3,30,4,,,1,1,3,,,,,,uuid:47d1ddbe-c425-4570-b977-eb1e378d9eef,uuid:47d1ddbe-c425-4570-b977-eb1e378d9eef,24,Tablet 2,2,2,,,collect:gkAUY0ozb0IEMNAS,0,205[encrypted:AYmtIFM+]
2023-08-14T16:53:25.459Z,2023-08-14T10:15:31.837+03:00,,14/08/2023,1,OK,1,,1,2,1,0,,20,7,1,18,7,1,23,7,1,,,1,5,,1,5,3,3,1,5,5,4,5,2,5,2,3,1,2,4,2,2,3,4,,1,2,2,3,22,11,7 8,,0,0,0,,,,,,uuid:5b8e1685-6314-404d-8ca6-a765e8848e9d,uuid:5b8e1685-6314-404d-8ca6-a765e8848e9d,24,Tablet 2,2,2,,,collect:gkAUY0ozb0IEMNAS,0,205[encrypted:AYmtIFM+]
2023-08-14T04:48:30.527Z,2023-08-11T13:15:13.809+03:00,,11/08/2023,1,,1,,2,1,1,0,,30,15,1,25,15,1,30,6,1,,,1,5,,2,4,2,2,1,2,4,5,2,4,4,3,2,4,2,2,2,4,4,4,,1,2,1,2,28,9,2 98,Dancer,1,0,1,,,Sina  swali,Good interview,,uuid:a38c27cf-6511-4dc8-a52d-67efe9921942,uuid:a38c27cf-6511-4dc8-a52d-67efe9921942,21,Tablet 3,2,2,,,collect:bdJSB2Qr9ZA7I3SS,0,205[encrypted:AYmtIFM+]
2023-08-14T04:48:29.417Z,2023-08-11T12:33:56.458+03:00,,11/08/2023,1,,1,,2,1,1,0,,2,7,1,24,7,1,23,7,1,,,1,5,,1,5,1,1,1,3,5,5,5,5,5,1,5,5,1,1,1,1,5,1,,1,2,1,2,24,7,2,,0,0,0,,,,Normal interview,,uuid:dbfeca52-ba83-4459-aa13-34f39ada6a39,uuid:dbfeca52-ba83-4459-aa13-34f39ada6a39,21,Tablet 3,2,2,,,collect:bdJSB2Qr9ZA7I3SS,0,205[encrypted:AYmtIFM+]
2023-08-14T04:48:27.567Z,2023-08-11T11:18:11.738+03:00,,11/08/2023,1,,1,,1,2,1,0,,19,11,1,23,11,1,20,11,1,,,1,5,,1,5,5,5,1,1,5,5,3,5,5,1,1,3,1,4,5,2,1,5,,1,2,3,3,22,7,8,,0,0,0,,,Hakuna,Smooth interview,,uuid:764e95d1-22a2-4a20-a0f6-bdaa8a33b7bd,uuid:764e95d1-22a2-4a20-a0f6-bdaa8a33b7bd,21,Tablet 3,2,2,,,collect:bdJSB2Qr9ZA7I3SS,0,205[encrypted:AYmtIFM+]
2023-08-14T04:48:26.072Z,2023-08-11T10:01:04.815+03:00,,,1,,1,,2,2,1,0,,26,7,0,25,11,1,24,7,1,,,5,5,,4,5,1,5,1,5,5,5,3,3,1,3,5,2,2,3,1,3,1,3,,1,2,1,3,30,11,1 2,,0,0,0,,,The education is needed to the community most people don't know their rights.Lastly I real enjoyed the discussion,Excellent interview,,uuid:6ed6650d-cac9-43c2-99d7-83258b002c38,uuid:6ed6650d-cac9-43c2-99d7-83258b002c38,21,Tablet 3,2,2,,,collect:bdJSB2Qr9ZA7I3SS,0,205[encrypted:AYmtIFM+]
2023-08-10T16:18:54.057Z,2023-08-10T14:58:26.750+03:00,,10/08/2023,1,,1,,2,1,1,0,,18,7,1,18,7,1,27,7,1,,,1,5,,1,5,5,1,5,2,5,4,1,5,5,1,5,5,5,5,5,5,5,5,,1,2,3,1,28,7,,,,,,,,Hakuna,Good interview,,uuid:32a3f528-51c9-4772-96c3-0f9f9c507a38,uuid:32a3f528-51c9-4772-96c3-0f9f9c507a38,21,Tablet 3,2,2,,,collect:bdJSB2Qr9ZA7I3SS,0,205[encrypted:AYmtIFM+]
2023-08-10T16:18:50.621Z,2023-08-10T13:01:30.550+03:00,,10/08/2023,1,,1,,2,1,1,0,,19,6,1,20,10,1,21,5,,,,1,5,,1,5,5,2,4,5,5,5,2,2,5,1,5,2,1,4,1,5,4,5,,1,2,1,3,26,7,7,,0,0,4,,,Hakuna,Good interview,,uuid:abcec8b4-3972-4024-b25c-38b7f18b6030,uuid:abcec8b4-3972-4024-b25c-38b7f18b6030,21,Tablet 3,2,2,,,collect:bdJSB2Qr9ZA7I3SS,0,205[encrypted:AYmtIFM+]
2023-08-10T16:18:44.620Z,2023-08-10T10:36:23.589+03:00,,10/08/2023,1,,1,,2,1,1,0,,24,7,1,24,4,1,23,5,,,,1,5,,1,4,2,2,1,4,5,5,4,4,5,1,4,4,3,2,5,2,5,4,,1,2,3,1,23,11,4,,1,0,1,,,We ask to implement something that will signify the important of your research,The interview is good,,uuid:710c4a20-41e2-41dd-8d9e-20c82c485a89,uuid:710c4a20-41e2-41dd-8d9e-20c82c485a89,21,Tablet 3,2,2,,,collect:bdJSB2Qr9ZA7I3SS,0,205[encrypted:AYmtIFM+]
2023-08-10T16:17:41.709Z,2023-08-10T14:30:55.111+03:00,,,1,OK,1,,2,1,1,0,,23,8,1,22,11,1,22,10,1,,,1,99,,4,4,3,2,1,4,5,5,5,2,2,3,4,1,2,3,3,1,2,5,,1,2,2,3,25,7,4,,0,0,0,,,,,,uuid:317c4ec9-0d76-4f70-b724-4783cd8656f1,uuid:317c4ec9-0d76-4f70-b724-4783cd8656f1,24,Tablet 2,2,2,,,collect:gkAUY0ozb0IEMNAS,0,205[encrypted:AYmtIFM+]
2023-08-10T16:17:37.565Z,2023-08-10T12:57:31.542+03:00,,10/08/2023,1,OK,1,,2,1,1,0,,23,7,1,19,11,1,30,7,1,,,1,5,,1,5,5,5,2,2,4,5,4,1,3,3,4,1,2,3,3,2,3,4,,1,2,2,3,22,11,2,,0,0,0,,,There must be a seminar to youth before marriage so that people can live in peace and handle challenges ,,,uuid:d582abad-5d2b-4bf6-a9e7-2a210822152a,uuid:d582abad-5d2b-4bf6-a9e7-2a210822152a,24,Tablet 2,2,2,,,collect:gkAUY0ozb0IEMNAS,0,205[encrypted:AYmtIFM+]
2023-08-10T16:17:35.947Z,2023-08-10T11:17:01.161+03:00,,10/08/2023,1,OK,1,,1,3,1,0,,23,8,1,20,11,1,24,11,1,,,1,5,,1,5,5,5,2,4,4,3,5,4,2,3,3,2,1,2,2,1,2,5,,1,2,2,3,27,11,7 8 2,,0,0,0,,,,,,uuid:64bfd73e-d803-431d-91be-b4f61d26de14,uuid:64bfd73e-d803-431d-91be-b4f61d26de14,24,Tablet 2,2,2,,,collect:gkAUY0ozb0IEMNAS,0,205[encrypted:AYmtIFM+]
2023-08-09T17:07:46.662Z,2023-08-09T11:28:22.641+03:00,,09/08/2023,1,,1,,1,2,1,0,,29,7,1,24,11,1,25,9,1,,,1,5,,1,4,2,2,2,1,2,2,2,5,1,2,4,4,2,4,4,4,2,4,,1,2,3,2,26,11,98,Kinyozi,1,0,1,,,Hakuna,Excellent interview,,uuid:0395dc7a-61b3-49dc-80d3-84957a798638,uuid:0395dc7a-61b3-49dc-80d3-84957a798638,21,Tablet 3,2,2,,,collect:bdJSB2Qr9ZA7I3SS,0,205[encrypted:AYmtIFM+]
2023-08-09T17:07:44.746Z,2023-08-09T10:45:20.096+03:00,,09/08/2023,1,,1,,1,2,1,0,,19,7,1,19,9,1,19,11,1,,,1,5,,1,5,4,2,1,2,5,4,5,5,4,1,5,1,1,1,5,2,4,4,,1,2,3,2,27,4,98,Bodaboda,1,0,2,,,Hakuna,Very good interviews multiple response,,uuid:2e2a9fa1-2b1f-4892-a7d1-91f352f90080,uuid:2e2a9fa1-2b1f-4892-a7d1-91f352f90080,21,Tablet 3,2,2,,,collect:bdJSB2Qr9ZA7I3SS,0,205[encrypted:AYmtIFM+]
2023-08-09T17:06:54.510Z,2023-08-09T11:40:50.218+03:00,,09/08/2023,1,OK,1,,1,1,1,0,,27,13,1,24,11,1,23,11,1,,,1,5,,2,5,2,2,1,2,2,5,5,2,4,4,2,2,2,5,4,1,2,5,,1,2,2,3,28,15,10,,0,0,0,,,,,,uuid:c9b6cb92-51a0-4721-9360-688e86a687e1,uuid:c9b6cb92-51a0-4721-9360-688e86a687e1,24,Tablet 2,2,2,,,collect:gkAUY0ozb0IEMNAS,0,205[encrypted:AYmtIFM+]
2023-08-09T17:06:50.085Z,2023-08-09T10:56:48.197+03:00,,09/08/2023,1,OK,1,,1,1,1,0,,26,7,1,22,7,1,28,7,1,,,1,5,,5,5,2,2,1,4,4,5,4,4,5,2,4,4,2,2,2,2,2,1,,1,2,2,3,26,11,,,1,0,2,,,,,,uuid:7c6af225-cc5a-4046-829b-bc599784191d,uuid:7c6af225-cc5a-4046-829b-bc599784191d,24,Tablet 2,2,2,,,collect:gkAUY0ozb0IEMNAS,0,205[encrypted:AYmtIFM+]
2023-08-07T18:26:18.960Z,2023-08-07T14:07:02.583+03:00,,07/08/2023,1,,1,,2,1,1,0,,19,7,1,23,11,1,21,5,0,,,1,5,,2,5,5,4,1,2,5,5,5,4,4,1,2,2,1,2,5,4,4,5,,1,2,1,1,23,15,4,,0,0,0,,,The interview should be carried and come up with the solution,The other respondents just followed whatever the main respondent replied.,,uuid:cb92654a-fde9-4139-8d5b-9f82b463fd83,uuid:cb92654a-fde9-4139-8d5b-9f82b463fd83,24,Tablet 2,2,2,,,collect:gkAUY0ozb0IEMNAS,0,205[encrypted:AYmtIFM+]
2023-08-07T18:26:17.693Z,2023-08-07T12:58:47.019+03:00,,07/08/2023,1,,1,,1,1,0,0,,26,11,1,18,11,1,20,1,1,,,1,5,,1,5,5,5,4,3,5,5,2,4,5,1,3,4,3,1,5,2,1,1,,1,2,3,1,20,5,2,,0,0,1,,,Hakuna,Normal interview little bit busy with work cooking chips,,uuid:3f9aaafc-3d65-4f50-9e87-396b9f46fbc4,uuid:3f9aaafc-3d65-4f50-9e87-396b9f46fbc4,24,Tablet 2,2,2,,,collect:gkAUY0ozb0IEMNAS,0,205[encrypted:AYmtIFM+]
2023-08-07T18:26:16.456Z,2023-08-07T12:24:38.198+03:00,,07/08/2023,1,,1,,1,1,1,0,,24,11,1,23,11,1,19,11,1,,,1,5,,1,5,1,1,1,5,5,5,2,5,1,1,5,4,1,1,5,1,1,4,,1,1,1,2,23,11,7,,1,0,0,,,Men and women have equal rights that is my opinion,The interview was smooth,,uuid:127647bb-de62-424e-8003-f86f81e6cbf6,uuid:127647bb-de62-424e-8003-f86f81e6cbf6,24,Tablet 2,2,2,,,collect:gkAUY0ozb0IEMNAS,0,205[encrypted:AYmtIFM+]
2023-08-07T18:26:15.112Z,2023-08-07T11:45:35.295+03:00,,07/08/2023,1,,1,,2,1,1,0,,23,11,1,20,7,0,22,9,1,,,1,5,,2,5,2,2,1,5,5,5,4,5,3,2,5,5,1,4,2,4,3,5,,1,2,3,2,21,10,7,,0,0,0,,,I advice you to add more interview for more information,Very good interview with complex response,,uuid:543ba284-3a96-41ef-acd6-5ed44888572d,uuid:543ba284-3a96-41ef-acd6-5ed44888572d,24,Tablet 2,2,2,,,collect:gkAUY0ozb0IEMNAS,0,205[encrypted:AYmtIFM+]
2023-08-07T18:26:13.582Z,2023-08-07T11:11:15.279+03:00,,07/08/2023,1,,1,,1,1,1,0,,26,7,1,23,9,0,23,11,1,,,1,5,,2,5,2,2,2,4,4,5,2,4,4,2,4,4,4,2,2,2,1,2,,1,2,1,2,24,11,7,,0,1,1,,,Hapana,Good interview,,uuid:dacf3280-1e0e-45b1-9842-c16a8997a89a,uuid:dacf3280-1e0e-45b1-9842-c16a8997a89a,24,Tablet 2,2,2,,,collect:gkAUY0ozb0IEMNAS,0,205[encrypted:AYmtIFM+]
2023-08-07T18:25:28.916Z,2023-08-07T13:34:35.276+03:00,,07/08/2023,1,OK,1,,2,1,1,0,,28,0,1,21,7,1,24,11,1,,,1,5,,2,4,2,2,1,5,5,5,4,4,4,2,4,5,2,2,4,2,1,5,,1,2,2,3,19,13,4,,0,0,0,,,The community has began to change their ideology about women because now days girls are given rights to have education and employment opportunities ,,,uuid:4d653235-9979-4d8e-ac5a-ffba40b0cd2c,uuid:4d653235-9979-4d8e-ac5a-ffba40b0cd2c,21,Tablet 3,2,2,,,collect:bdJSB2Qr9ZA7I3SS,0,205[encrypted:AYmtIFM+]
2023-08-07T18:25:27.630Z,2023-08-07T12:46:55.981+03:00,,07/08/2023,1,OK,1,,2,1,1,0,,28,7,1,21,7,1,22,11,1,,,1,5,,4,4,2,2,2,4,5,4,3,3,2,4,5,4,1,1,5,2,2,5,,1,2,2,3,30,11,7 2,,1,0,2,,,Education should be provided to the community about Gender equality and early marriages ,,,uuid:96339fc9-124f-460b-9cda-51d3ea8756b3,uuid:96339fc9-124f-460b-9cda-51d3ea8756b3,21,Tablet 3,2,2,,,collect:bdJSB2Qr9ZA7I3SS,0,205[encrypted:AYmtIFM+]
2023-08-07T18:25:26.471Z,2023-08-07T11:41:59.341+03:00,,07/08/2023,1,OK,1,,2,1,1,0,,20,9,1,24,15,1,19,7,1,,,1,5,,2,4,1,2,3,3,4,3,2,3,5,2,3,4,2,3,2,2,4,2,,1,2,2,3,26,11,4,,1,0,1,,,None ,,,uuid:62f8ff64-a2d8-4125-979b-9863224f003c,uuid:62f8ff64-a2d8-4125-979b-9863224f003c,21,Tablet 3,2,2,,,collect:bdJSB2Qr9ZA7I3SS,0,205[encrypted:AYmtIFM+]
2023-08-07T18:25:25.302Z,2023-08-07T11:02:35.254+03:00,,07/08/2023,1,OK,1,,2,2,1,0,,25,7,1,19,7,1,30,7,1,,,1,5,,2,5,4,2,2,4,2,4,4,4,2,2,4,4,2,2,2,2,4,2,,1,2,2,3,19,11,4 2 8,,0,0,0,,,None,,,uuid:02bd7f15-184e-45d5-a261-ec77e059bc03,uuid:02bd7f15-184e-45d5-a261-ec77e059bc03,21,Tablet 3,2,2,,,collect:bdJSB2Qr9ZA7I3SS,0,205[encrypted:AYmtIFM+]
2023-08-07T18:25:23.788Z,2023-08-07T10:29:04.361+03:00,,07/08/2023,1,OK,1,,1,1,1,0,,24,7,1,18,7,1,21,11,1,,,1,5,,2,5,2,2,2,4,4,5,2,3,2,5,4,1,2,2,2,2,2,4,,1,2,2,3,22,15,10,,0,0,0,,,Men should always be men women have to respect that,,,uuid:c1530997-6e27-48c8-95c1-dac388e32d8a,uuid:c1530997-6e27-48c8-95c1-dac388e32d8a,21,Tablet 3,2,2,,,collect:bdJSB2Qr9ZA7I3SS,0,205[encrypted:AYmtIFM+]
2023-08-07T18:25:20.755Z,2023-08-07T09:46:35.110+03:00,,07/08/2023,1,OK,1,,2,1,1,0,,28,9,1,21,11,1,24,11,1,,,1,5,,2,4,1,2,2,4,4,5,4,1,5,2,4,1,2,2,2,2,2,4,,1,2,2,3,30,13,7,,11,0,0,,,Most men don't like to share stories about their marriage that is why people have many challenges in their families,,,uuid:82124282-4b63-467a-b15d-583ef583f9a0,uuid:82124282-4b63-467a-b15d-583ef583f9a0,21,Tablet 3,2,2,,,collect:bdJSB2Qr9ZA7I3SS,0,205[encrypted:AYmtIFM+]
2023-08-06T16:43:34.197Z,2023-08-04T13:06:33.952+03:00,,04/08/2023,1,OK,1,,1,1,1,0,,18,5,1,22,7,1,26,4,1,,,1,5,,1,5,2,2,2,4,4,4,4,4,4,3,4,2,2,2,2,3,3,2,,1,2,3,2,29,7,8,,1,1,3,,,,,,uuid:b09ede94-829f-46a9-b3e0-b8e542ff8fba,uuid:b09ede94-829f-46a9-b3e0-b8e542ff8fba,24,Tablet 2,2,2,,,collect:gkAUY0ozb0IEMNAS,0,205[encrypted:AYmtIFM+]
2023-08-06T16:43:32.636Z,2023-08-04T12:01:27.694+03:00,,04/08/2023,1,OK,1,,2,3,1,0,,21,4,1,21,11,1,25,8,1,,,1,5,,1,5,5,4,2,3,3,5,4,4,5,2,2,2,1,2,4,2,4,2,,1,1,1,2,23,11,7 8 2,,1,0,1,,,There has to be equality in business opportunities and decision making for both men and women because everyone has the rights for wellbeing,Peers had the influence over the respondents answers ,,uuid:fcecc6c4-0e2b-40b6-95cf-5b8affad30ab,uuid:fcecc6c4-0e2b-40b6-95cf-5b8affad30ab,24,Tablet 2,2,2,,,collect:gkAUY0ozb0IEMNAS,0,205[encrypted:AYmtIFM+]
2023-08-06T16:43:31.348Z,2023-08-04T11:11:35.326+03:00,,04/08/2023,1,OK,1,,2,1,1,0,,25,7,1,22,11,1,21,11,1,,,1,5,,2,5,2,2,2,4,4,4,2,2,2,2,3,5,2,2,2,2,2,2,,3,2,3,2,27,7,7 8,,1,0,3,,,Men and women should all work so that they can generate income for  Family economic stability ,,,uuid:167e64a3-d357-4bdf-bed8-6ae959a90ff5,uuid:167e64a3-d357-4bdf-bed8-6ae959a90ff5,24,Tablet 2,2,2,,,collect:gkAUY0ozb0IEMNAS,0,205[encrypted:AYmtIFM+]
2023-08-06T16:43:29.924Z,2023-08-04T10:36:29.749+03:00,,04/08/2023,1,OK,1,,2,2,1,0,,19,4,1,20,11,1,23,11,1,,,1,5,,2,5,2,2,2,4,4,2,4,3,5,3,4,5,2,2,4,3,2,5,,1,2,2,3,28,11,2 8,,1,0,2,,,,All peers disagree about using condoms to a wife ,,uuid:8f2dc6a8-bb44-4e50-adf2-24c449d70ae4,uuid:8f2dc6a8-bb44-4e50-adf2-24c449d70ae4,24,Tablet 2,2,2,,,collect:gkAUY0ozb0IEMNAS,0,205[encrypted:AYmtIFM+]
2023-08-06T16:43:27.206Z,2023-08-04T10:08:34.137+03:00,,04/08/2023,1,OK,1,,2,1,1,0,,24,7,1,26,7,1,28,7,1,,,1,5,,2,4,4,4,2,2,4,4,2,2,4,3,3,1,2,2,2,2,3,1,,1,2,2,1,26,7,2 7 8,,1,0,3,,,,,,uuid:db368188-e67d-4bc1-a292-e4322a7e6d55,uuid:db368188-e67d-4bc1-a292-e4322a7e6d55,24,Tablet 2,2,2,,,collect:gkAUY0ozb0IEMNAS,0,205[encrypted:AYmtIFM+]
2023-08-06T16:42:33.329Z,2023-08-04T13:50:59.453+03:00,,04/08/2023,1,,1,,1,2,1,0,,28,7,0,26,0,1,27,7,1,,,1,5,,1,5,4,2,2,1,4,5,1,4,4,1,1,4,2,2,5,2,5,2,,1,2,1,1,27,7,7 1,,1,0,2,,,Hakuna  maoni yoyote.,The interview was good,,uuid:7f3d3824-22e3-4dc3-8404-9ecc3d72d1c5,uuid:7f3d3824-22e3-4dc3-8404-9ecc3d72d1c5,21,Tablet 3,2,2,,,collect:bdJSB2Qr9ZA7I3SS,0,205[encrypted:AYmtIFM+]
2023-08-06T16:42:31.982Z,2023-08-04T12:54:34.870+03:00,,04/08/2023,1,,1,,2,1,1,0,,19,4,1,28,11,0,26,7,0,,,1,5,,3,5,3,1,1,3,5,5,3,3,3,2,3,5,2,5,5,1,1,5,,1,2,1,3,19,13,10,,0,0,0,,,Elimu ya    jamii itolewe  kuendelea  kuondoa  mila  potofu,The interview had smooth flow,,uuid:48e28051-0944-468d-8e23-72cd688a5a78,uuid:48e28051-0944-468d-8e23-72cd688a5a78,21,Tablet 3,2,2,,,collect:bdJSB2Qr9ZA7I3SS,0,205[encrypted:AYmtIFM+]
2023-08-06T16:42:30.802Z,2023-08-04T12:09:57.168+03:00,,04/08/2023,1,,1,,1,2,1,0,,24,11,1,24,7,1,20,7,1,,,1,5,,1,5,2,4,2,1,4,5,2,4,3,1,5,2,1,2,4,5,5,3,,1,2,1,3,25,9,7,,1,0,1,,,Hakuna,Good interview,,uuid:c2a4bb6a-9a3c-422c-b28a-f93497054579,uuid:c2a4bb6a-9a3c-422c-b28a-f93497054579,21,Tablet 3,2,2,,,collect:bdJSB2Qr9ZA7I3SS,0,205[encrypted:AYmtIFM+]
2023-08-06T16:42:29.314Z,2023-08-04T11:22:58.423+03:00,,04/08/2023,1,,1,,1,2,1,0,,24,11,0,24,7,0,23,7,0,,,1,5,,3,5,3,3,2,2,5,4,2,3,3,4,2,4,2,2,3,2,3,4,,1,2,3,2,23,7,1 8,,0,0,0,,,Hakuna,The interview was smooth,,uuid:dcd6fe8d-d34e-4fff-abe4-ed308d8e50f0,uuid:dcd6fe8d-d34e-4fff-abe4-ed308d8e50f0,21,Tablet 3,2,2,,,collect:bdJSB2Qr9ZA7I3SS,0,205[encrypted:AYmtIFM+]
2023-08-06T16:42:25.638Z,2023-08-04T10:05:41.158+03:00,,04/08/2023,1,,1,,1,1,1,0,,18,11,0,23,7,0,20,11,1,,,1,5,,4,4,1,1,1,5,5,4,3,5,2,3,4,5,4,1,2,4,5,5,,1,2,1,2,27,11,98,Kinyozi,0,0,0,,,Hakuna,Good interview,,uuid:0b79900f-ed09-4f47-803c-f44007b23626,uuid:0b79900f-ed09-4f47-803c-f44007b23626,21,Tablet 3,2,2,,,collect:bdJSB2Qr9ZA7I3SS,0,205[encrypted:AYmtIFM+]
2023-08-03T18:04:27.460Z,2023-08-03T13:16:59.751+03:00,,03/08/2023,1,OK,1,,1,1,1,0,,23,11,1,18,9,1,21,9,1,,,1,5,,1,5,5,5,2,1,4,4,1,3,2,3,4,1,4,3,4,1,2,2,,1,3,2,3,19,7,2,,0,0,0,,,,,,uuid:bc8df6b2-14ad-4ce2-b73a-12ebb2d911b7,uuid:bc8df6b2-14ad-4ce2-b73a-12ebb2d911b7,24,Tablet 2,2,2,,,collect:gkAUY0ozb0IEMNAS,0,205[encrypted:AYmtIFM+]
2023-08-03T18:04:25.792Z,2023-08-03T12:10:56.743+03:00,,03/08/2023,1,OK,1,,2,3,1,0,,31,7,1,30,11,1,19,7,1,,,1,5,,4,5,3,2,2,4,4,5,1,3,5,2,4,1,2,2,3,1,4,4,,1,3,3,2,25,,2 4,,1,0,2,,,,,,uuid:a1bbd015-0870-4a90-a4a5-c223c617c542,uuid:a1bbd015-0870-4a90-a4a5-c223c617c542,24,Tablet 2,2,2,,,collect:gkAUY0ozb0IEMNAS,0,205[encrypted:AYmtIFM+]
2023-08-03T18:04:24.454Z,2023-08-03T11:09:20.573+03:00,,03/08/2023,1,OK,1,,1,1,1,0,,18,6,1,20,7,1,21,6,1,,,1,5,,2,5,3,3,2,1,4,4,2,2,5,2,4,1,2,2,5,2,4,5,,1,2,2,3,28,10,2,,1,0,2,,,,He is the only respondent that is proud of taking duties for home chores including taking care of children like feeding them and washing them he even said that he would feel proud to cook before his wife and take children out for dinner and walk out ,,uuid:01670276-395f-4532-93f0-21f9088f0662,uuid:01670276-395f-4532-93f0-21f9088f0662,24,Tablet 2,2,2,,,collect:gkAUY0ozb0IEMNAS,0,205[encrypted:AYmtIFM+]
2023-08-03T18:04:22.755Z,2023-08-03T10:26:25.828+03:00,,03/08/2023,1,OK,1,,1,1,1,0,,28,7,1,30,7,1,28,6,1,,,1,5,,2,5,2,4,1,4,4,4,4,4,4,2,3,1,2,2,2,2,3,5,,1,2,2,3,26,10,2 7,,0,0,1,,,,Peers strictly insist that some chores are the works for women including taking care of children ,,uuid:1f0c4764-885e-4389-8a47-8818195c83a5,uuid:1f0c4764-885e-4389-8a47-8818195c83a5,24,Tablet 2,2,2,,,collect:gkAUY0ozb0IEMNAS,0,205[encrypted:AYmtIFM+]
2023-08-03T18:04:21.492Z,2023-08-03T10:01:33.215+03:00,,03/08/2023,1,OK,1,,2,3,1,0,,30,7,1,26,7,1,25,7,1,,,1,5,,2,5,4,4,2,3,4,3,1,2,3,2,4,5,2,2,4,4,4,1,,1,2,2,3,29,7,1 2 4,,1,0,3,,,,,,uuid:96a140b1-bbef-41e2-a9ba-150b91cf733e,uuid:96a140b1-bbef-41e2-a9ba-150b91cf733e,24,Tablet 2,2,2,,,collect:gkAUY0ozb0IEMNAS,0,205[encrypted:AYmtIFM+]
2023-08-03T18:03:37.164Z,2023-08-03T13:43:32.509+03:00,,03/08/2023,1,,1,,1,1,1,0,,26,10,1,23,9,1,27,10,1,,,1,99,,1,5,5,1,1,2,5,5,1,5,5,1,4,2,1,1,2,1,5,5,,1,2,1,3,28,9,,,,,,,,Hamna,The interview was good,,uuid:464ddad2-9d10-4f29-9244-1aa1f8dc53af,uuid:464ddad2-9d10-4f29-9244-1aa1f8dc53af,21,Tablet 3,2,2,,,collect:bdJSB2Qr9ZA7I3SS,0,205[encrypted:AYmtIFM+]
2023-08-03T18:03:34.195Z,2023-08-03T13:04:12.310+03:00,,03/08/2023,1,,1,,1,1,1,0,,19,7,1,18,10,1,18,8,1,,,1,5,,1,5,4,2,2,4,5,3,4,3,2,2,4,4,2,2,4,4,3,1,,1,2,1,1,20,11,,,,,,,,Hakuna,The group had young boys they had very little experience about marriage,,uuid:7901c381-25e9-4d52-95e8-1a594589b20d,uuid:7901c381-25e9-4d52-95e8-1a594589b20d,21,Tablet 3,2,2,,,collect:bdJSB2Qr9ZA7I3SS,0,205[encrypted:AYmtIFM+]
2023-08-03T18:03:32.961Z,2023-08-03T11:58:29.277+03:00,,03/08/2023,1,,1,,2,1,1,0,,20,7,0,23,11,1,22,7,0,,,1,5,,1,3,3,2,3,4,4,1,3,3,3,2,4,4,1,2,4,4,2,5,,1,2,1,3,26,9,,,,,,,,None,The place was busy but i manage to finish the interview,,uuid:5d78227a-73d3-483f-8b7b-d00f2f570bf2,uuid:5d78227a-73d3-483f-8b7b-d00f2f570bf2,21,Tablet 3,2,2,,,collect:bdJSB2Qr9ZA7I3SS,0,205[encrypted:AYmtIFM+]
2023-08-03T18:03:31.374Z,2023-08-03T11:02:37.371+03:00,,03/08/2023,1,,1,,2,1,1,0,,21,4,1,30,7,1,28,7,1,,,1,5,,1,4,2,4,1,2,4,5,4,4,2,2,3,4,1,4,5,1,4,1,,1,2,1,1,24,11,6,,1,0,1,,,Hakuna,The interview was quick has the rest of participants answered has he said. The respondent was confident with his response.,,uuid:fdf75c65-b0ee-4dae-9837-ceda9f6aaf9f,uuid:fdf75c65-b0ee-4dae-9837-ceda9f6aaf9f,21,Tablet 3,2,2,,,collect:bdJSB2Qr9ZA7I3SS,0,205[encrypted:AYmtIFM+]
2023-08-03T18:03:28.334Z,2023-08-03T09:55:23.276+03:00,,03/08/2023,1,,1,,1,1,1,0,,23,11,1,19,11,0,23,9,1,,,1,5,,1,4,4,2,1,5,5,5,5,5,2,2,4,5,1,1,5,2,2,2,,1,2,1,2,20,11,7,,0,0,0,,,Kuwe na elimu ya mahusiano  katika  jamii,The man working as a tailor  and was involved with Tazama in its activities,,uuid:870efe81-dcbf-4061-b0e6-33fe298b347a,uuid:870efe81-dcbf-4061-b0e6-33fe298b347a,21,Tablet 3,2,2,,,collect:bdJSB2Qr9ZA7I3SS,0,205[encrypted:AYmtIFM+]
2023-08-02T17:27:28.263Z,2023-08-02T13:15:29.700+03:00,,02/08/2023,1,,1,,1,3,1,0,,23,7,1,30,7,0,18,9,1,,,1,5,,1,5,1,1,2,3,5,5,3,5,5,2,5,5,1,1,3,1,3,5,,1,2,1,3,27,11,11,,0,0,0,,,Hakuna,The interview was straight,,uuid:89577312-2a14-49ff-853c-cfe220a1156d,uuid:89577312-2a14-49ff-853c-cfe220a1156d,21,Tablet 3,2,2,,,collect:bdJSB2Qr9ZA7I3SS,0,205[encrypted:AYmtIFM+]
2023-08-02T17:27:25.744Z,2023-08-02T12:37:54.281+03:00,,02/08/2023,1,,1,,1,1,1,0,,24,7,0,19,11,0,21,11,0,,,1,5,,4,4,2,2,2,5,5,4,4,2,2,3,3,2,4,4,2,4,2,2,,1,2,3,3,28,15,2,,0,0,0,,,Mchukue  taarifa  kwa  eneo lote  la  Kisesa,Well interview,,uuid:a9e0e993-ed89-4c96-bda8-296947f0b6c1,uuid:a9e0e993-ed89-4c96-bda8-296947f0b6c1,21,Tablet 3,2,2,,,collect:bdJSB2Qr9ZA7I3SS,0,205[encrypted:AYmtIFM+]
2023-08-02T17:27:23.080Z,2023-08-02T11:35:37.398+03:00,,02/08/2023,1,,1,,1,1,1,0,,18,9,1,27,5,1,22,11,1,,,1,5,,1,5,4,2,2,4,5,5,1,4,2,1,5,4,2,2,5,4,5,4,,1,2,1,2,30,11,98 7,Kinyozi,1,1,3,,,Hakuna,"The interview was interrupted as the main participant had to shave the clients ,so we had to wait for sometime to proceed with the interview.",,uuid:98621f50-2503-4124-9d61-d4e8b09ff33e,uuid:98621f50-2503-4124-9d61-d4e8b09ff33e,21,Tablet 3,2,2,,,collect:bdJSB2Qr9ZA7I3SS,0,205[encrypted:AYmtIFM+]
2023-08-02T17:27:20.043Z,2023-08-02T10:35:57.873+03:00,,02/08/2023,1,,1,,1,1,1,0,,23,8,1,22,7,1,23,7,1,,,1,5,,1,4,1,1,1,3,4,5,3,5,1,3,4,5,1,1,3,1,1,5,,1,2,1,3,23,11,8 1,,0,0,0,,,Hapana,Good interview,,uuid:8a888843-d25e-42b9-83c1-49a9f07abaf2,uuid:8a888843-d25e-42b9-83c1-49a9f07abaf2,21,Tablet 3,2,2,,,collect:bdJSB2Qr9ZA7I3SS,0,205[encrypted:AYmtIFM+]
2023-08-02T17:27:19.588Z,2023-08-02T12:54:25.499+03:00,,02/08/2023,1,OK,1,,1,1,1,0,,30,6,1,22,7,1,23,6,1,,,1,5,,2,5,5,4,2,4,4,5,2,4,2,2,4,4,2,2,4,2,4,4,,1,2,2,2,24,7,2 7,,0,0,0,,,,,,uuid:db4de40d-47a8-4f8d-ac21-ecfd09d4cd47,uuid:db4de40d-47a8-4f8d-ac21-ecfd09d4cd47,24,Tablet 2,2,2,,,collect:gkAUY0ozb0IEMNAS,0,205[encrypted:AYmtIFM+]
2023-08-02T17:27:17.715Z,2023-08-02T12:07:03.311+03:00,,02/08/2023,1,OK,1,,2,1,1,1,,19,11,1,21,7,1,23,11,1,,,1,5,,1,5,5,5,2,4,5,4,3,2,3,2,4,1,1,1,2,1,2,4,,1,2,2,3,21,7,7,,0,0,0,,,There has to be involvement and agreement between partners in the families so that people can have equal opportunity for decision making,None,,uuid:081f5e08-5217-44e8-b876-717bbe1b7d0a,uuid:081f5e08-5217-44e8-b876-717bbe1b7d0a,24,Tablet 2,2,2,,,collect:gkAUY0ozb0IEMNAS,0,205[encrypted:AYmtIFM+]
2023-08-02T17:27:15.896Z,2023-08-02T11:36:37.735+03:00,,02/08/2023,1,OK,1,,2,2,1,0,,29,11,1,20,7,1,23,11,1,,,1,5,,2,5,5,4,2,4,4,5,4,2,3,3,2,1,2,2,3,2,4,4,,1,2,3,3,27,7,1 2,,1,0,2,,,Men will always have authority over women,,,uuid:53109ba4-c4f1-4dca-8631-e919086bad57,uuid:53109ba4-c4f1-4dca-8631-e919086bad57,24,Tablet 2,2,2,,,collect:gkAUY0ozb0IEMNAS,0,205[encrypted:AYmtIFM+]
2023-08-02T17:27:14.766Z,2023-08-02T10:01:22.022+03:00,,02/08/2023,1,,1,,2,1,1,0,,22,3,1,27,11,1,18,8,1,,,1,1,,5,4,1,1,1,5,5,5,3,1,1,3,5,4,1,1,2,1,1,5,,1,2,1,2,30,7,8,,1,0,1,,,Hapana,Smooth interview,,uuid:5defbb2c-364f-4fe5-951f-d0bc5d7b6c5d,uuid:5defbb2c-364f-4fe5-951f-d0bc5d7b6c5d,21,Tablet 3,2,2,,,collect:bdJSB2Qr9ZA7I3SS,0,205[encrypted:AYmtIFM+]
2023-08-02T17:27:13.910Z,2023-08-02T10:57:24.854+03:00,,02/08/2023,1,OK,1,,1,1,1,0,,26,7,1,19,7,1,18,7,1,,,1,5,,2,5,1,2,1,4,4,5,4,3,2,3,4,2,1,4,4,2,4,2,,3,3,2,3,26,7,4 7,,0,0,0,,,,,,uuid:be2103d5-a4f9-4958-bb4c-f86b60c21585,uuid:be2103d5-a4f9-4958-bb4c-f86b60c21585,24,Tablet 2,2,2,,,collect:gkAUY0ozb0IEMNAS,0,205[encrypted:AYmtIFM+]
2023-08-02T17:27:11.895Z,2023-08-02T10:17:02.168+03:00,,02/08/2023,1,OK,1,,2,2,1,0,,21,11,1,30,7,1,21,7,1,,,2,4,,4,4,4,5,2,4,4,4,4,4,4,3,4,1,2,5,3,3,3,4,,1,3,3,1,22,7,2 4,,1,0,1,,,None,There was good participation from all peers,,uuid:5265ff01-cfd2-4cf2-ab98-ff186e79691e,uuid:5265ff01-cfd2-4cf2-ab98-ff186e79691e,24,Tablet 2,2,2,,,collect:gkAUY0ozb0IEMNAS,0,205[encrypted:AYmtIFM+]
2023-08-01T19:27:49.635Z,2023-08-01T14:16:54.161+03:00,,01/08/2023,1,,1,,2,1,0,0,,18,7,1,29,11,1,18,7,1,,,1,5,,4,5,1,1,1,5,5,3,5,5,2,4,3,5,1,4,5,1,2,5,,1,2,1,3,27,7,98 4,Bodaboda,0,0,0,,,Tazama ina  kazi ipi Ramayana?,"The peer group was responding has he said,they look young to marriage ev eh though they had their own opinion",,uuid:df5ebd5a-df8f-4588-bcef-60c7787fd8c0,uuid:df5ebd5a-df8f-4588-bcef-60c7787fd8c0,21,Tablet 3,2,2,,,collect:bdJSB2Qr9ZA7I3SS,0,205[encrypted:AYmtIFM+]
2023-08-01T19:27:47.404Z,2023-08-01T12:45:43.059+03:00,,01/08/2023,1,,1,,2,2,1,0,,22,11,1,18,11,1,19,10,0,,,1,5,,1,5,2,2,1,1,4,5,4,4,2,2,4,5,1,4,4,4,4,4,,1,2,1,3,22,11,,,,,,,,Hakuna,Some guys little bit busy,,uuid:69f6bd52-9fd7-4ea2-858a-7c7bfd448c76,uuid:69f6bd52-9fd7-4ea2-858a-7c7bfd448c76,21,Tablet 3,2,2,,,collect:bdJSB2Qr9ZA7I3SS,0,205[encrypted:AYmtIFM+]
2023-08-01T19:27:45.126Z,2023-08-01T11:43:05.142+03:00,,01/08/2023,1,,1,,1,1,1,0,,25,7,1,20,7,1,30,7,1,,,1,5,,1,5,1,1,1,3,4,5,3,3,3,5,3,2,4,1,5,1,1,1,,1,2,3,1,27,11,7 4,,0,0,1,,,Elimu ya kuisha  wanandoa  na kipao  Mbele kwa wanawake  kama wanaume,The was open discussion and free to all,,uuid:ad8880da-4848-4910-b538-92e858d8e644,uuid:ad8880da-4848-4910-b538-92e858d8e644,21,Tablet 3,2,2,,,collect:bdJSB2Qr9ZA7I3SS,0,205[encrypted:AYmtIFM+]
2023-08-01T19:27:42.715Z,2023-08-01T10:44:56.577+03:00,,01/08/2023,1,,1,,2,1,1,0,,23,1,1,28,4,1,30,7,1,,,1,5,,1,5,5,4,1,4,4,4,2,4,5,4,2,2,5,5,5,4,4,2,,1,2,1,1,29,7,8 98,Mechanic,1,0,3,,,Hapana,Good interview,,uuid:483a5a4a-0388-4e83-8577-1df8bf3d6153,uuid:483a5a4a-0388-4e83-8577-1df8bf3d6153,21,Tablet 3,2,2,,,collect:bdJSB2Qr9ZA7I3SS,0,205[encrypted:AYmtIFM+]
2023-08-01T19:27:39.966Z,2023-08-01T09:50:38.739+03:00,,01/08/2023,1,,1,,2,1,1,0,,30,4,1,19,7,1,18,7,0,,,1,5,,5,5,5,2,1,2,5,5,3,2,2,4,4,5,1,3,3,1,3,5,,1,2,2,3,22,11,8,,0,0,0,,,Meaning of Tazama?,The interview was smooth,,uuid:455ce23b-6864-47f0-823a-0233e1c67dfa,uuid:455ce23b-6864-47f0-823a-0233e1c67dfa,21,Tablet 3,2,2,,,collect:bdJSB2Qr9ZA7I3SS,0,205[encrypted:AYmtIFM+]
2023-08-01T19:27:32.990Z,2023-08-01T12:48:39.558+03:00,,01/08/2023,1,OK,1,,2,3,1,0,,18,7,1,23,11,1,28,11,1,,,1,5,,3,3,2,2,1,3,4,5,4,3,4,2,4,5,1,2,4,3,4,2,,1,2,2,3,22,11,2 4,,1,0,1,,,,,,uuid:2558dde5-b5ca-4efb-9bab-97e0370da20a,uuid:2558dde5-b5ca-4efb-9bab-97e0370da20a,24,Tablet 2,2,2,,,collect:gkAUY0ozb0IEMNAS,0,205[encrypted:AYmtIFM+]
2023-08-01T19:27:32.046Z,2023-08-01T11:50:14.545+03:00,,01/08/2023,1,OK,1,,2,3,1,0,,19,9,1,22,10,1,21,7,1,,,1,5,,1,5,3,3,2,1,4,5,4,2,4,1,4,5,1,2,3,2,3,2,,1,2,3,2,21,7,2 7,,0,0,0,,,Education should be provided to make sure the community understands the idea of gender equality,Peers still have negative perception about women empowerment ,,uuid:6ef0f9ed-1143-4915-ab88-73742aaac74e,uuid:6ef0f9ed-1143-4915-ab88-73742aaac74e,24,Tablet 2,2,2,,,collect:gkAUY0ozb0IEMNAS,0,205[encrypted:AYmtIFM+]
2023-08-01T19:27:31.009Z,2023-08-01T11:12:05.715+03:00,,01/08/2023,1,OK,1,,2,3,1,0,,18,7,1,19,7,1,18,9,1,,,1,5,,2,5,2,2,5,4,4,5,4,2,4,1,5,5,1,2,3,1,3,1,,1,2,3,2,20,7,0,,0,0,0,,,,,,uuid:bef10da1-2595-447d-9bc1-8538b1d39b70,uuid:bef10da1-2595-447d-9bc1-8538b1d39b70,24,Tablet 2,2,2,,,collect:gkAUY0ozb0IEMNAS,0,205[encrypted:AYmtIFM+]
2023-08-01T19:27:29.907Z,2023-08-01T10:23:33.486+03:00,,01/08/2023,1,OK,1,,2,3,1,0,,20,7,1,26,15,1,28,7,1,,,1,5,,2,4,5,5,2,4,5,5,5,4,4,3,4,2,4,2,2,1,4,5,,1,2,3,2,25,7,2 1 8,,0,0,0,,,,,,uuid:a10df85d-a1e0-4f22-8936-0d0282e0fbbb,uuid:a10df85d-a1e0-4f22-8936-0d0282e0fbbb,24,Tablet 2,2,2,,,collect:gkAUY0ozb0IEMNAS,0,205[encrypted:AYmtIFM+]
2023-08-01T19:27:25.777Z,2023-08-01T09:48:18.210+03:00,,01/08/2023,1,OK,1,,2,3,1,0,,18,8,1,19,11,1,18,8,1,,,1,5,,4,5,1,1,2,4,4,5,4,4,2,3,4,4,2,2,4,1,3,4,,3,2,1,2,19,4,4 7,,0,0,0,,,Gender ideology study is a good idea and it can help youth to have good decision in life ,,,uuid:a4057210-6caa-448b-ae36-ba9a3b84e1b4,uuid:a4057210-6caa-448b-ae36-ba9a3b84e1b4,24,Tablet 2,2,2,,,collect:gkAUY0ozb0IEMNAS,0,205[encrypted:AYmtIFM+]
2023-07-31T18:12:19.653Z,2023-07-31T14:32:43.784+03:00,,31/07/2023,1,,1,,2,2,1,0,,24,15,1,24,7,1,24,11,1,,,1,5,,3,5,1,2,1,4,5,5,3,5,3,4,3,4,1,3,5,2,2,3,,1,2,1,2,25,15,10,,0,0,0,,,Elimu itolewe  kwenye  jamii  ndani  ya mahusiano ,The interview was great,,uuid:16d7058e-8595-49bb-91a1-645ac3ca50e5,uuid:16d7058e-8595-49bb-91a1-645ac3ca50e5,24,Tablet 2,1,1,,,collect:gkAUY0ozb0IEMNAS,0,204
2023-07-31T18:12:18.199Z,2023-07-31T13:21:20.798+03:00,,31/07/2023,1,,1,,2,1,1,0,,20,11,1,24,7,1,28,7,1,,,1,5,,1,5,5,2,2,1,2,2,1,5,5,1,1,4,1,1,1,1,5,1,,1,2,1,1,24,10,6,,,1,1,,,Hapana ,The interview was okey,,uuid:39219053-65c1-476f-af07-ed1657e40f95,uuid:39219053-65c1-476f-af07-ed1657e40f95,24,Tablet 2,1,1,,,collect:gkAUY0ozb0IEMNAS,0,204
2023-07-31T18:12:16.756Z,2023-07-31T12:36:02.526+03:00,,31/07/2023,1,,1,,2,1,1,0,,20,7,0,23,8,1,22,7,1,,,1,5,,1,5,5,1,1,1,1,5,4,4,2,1,1,2,2,2,2,2,4,2,,1,1,1,2,20,9,,,,,,,,None,The were some interruption with others workers but it was controlled,,uuid:1d94bb20-c825-4724-863a-417e9097e08c,uuid:1d94bb20-c825-4724-863a-417e9097e08c,24,Tablet 2,1,1,,,collect:gkAUY0ozb0IEMNAS,0,204
2023-07-31T18:12:15.064Z,2023-07-31T11:49:21.910+03:00,,31/07/2023,1,,1,,2,1,1,0,,29,7,1,19,7,1,21,7,1,,,1,5,,1,5,5,5,1,4,5,5,1,5,2,4,4,4,2,2,5,2,2,3,,1,2,1,2,30,7,8,,1,1,4,,,Changamoto  za  wanaume  nani  anatusaidia?,People were working ,,uuid:5c32fbe9-72ab-4602-ae81-d04af448ee47,uuid:5c32fbe9-72ab-4602-ae81-d04af448ee47,24,Tablet 2,1,1,,,collect:gkAUY0ozb0IEMNAS,0,204
2023-07-31T18:12:12.758Z,2023-07-31T10:51:22.433+03:00,,31/07/2023,1,,1,,2,1,1,0,,19,13,1,20,11,1,22,9,1,,,1,5,,1,4,2,1,1,4,5,5,3,5,2,4,4,2,2,2,5,4,5,4,,1,2,1,3,21,11,98,Bodaboda,0,0,0,,,Mambo  haya  yanatusaidia mini?,The interview was smooth,,uuid:2c11341b-4288-4e3f-a30d-68d5f04860ba,uuid:2c11341b-4288-4e3f-a30d-68d5f04860ba,24,Tablet 2,1,1,,,collect:gkAUY0ozb0IEMNAS,0,204
2023-07-31T18:12:08.094Z,2023-07-31T09:59:48.697+03:00,,31/07/2023,1,,1,,2,1,1,0,,21,7,1,27,7,1,18,7,1,,,1,5,,1,5,2,2,1,1,5,4,2,4,3,3,4,2,2,2,5,1,4,1,,1,2,3,2,26,6,98 1,Bodaboda,1,0,1,,,Hakuna,The interview was good,,uuid:a52a940b-7a8d-4d56-8a43-fb5659f4c295,uuid:a52a940b-7a8d-4d56-8a43-fb5659f4c295,24,Tablet 2,1,1,,,collect:gkAUY0ozb0IEMNAS,0,204
2023-07-31T18:10:54.572Z,2023-07-31T14:26:13.120+03:00,,31/07/2023,1,OK,1,,2,3,1,0,,21,4,1,28,7,1,24,11,1,,,1,5,,5,5,1,2,1,5,5,4,2,4,5,2,4,5,2,2,4,2,2,5,,1,2,2,3,19,7,8,,0,0,0,,,One of the participants says gender equality issues is the source of all troubles in families because women want to be same as men in terms of authority ,,,uuid:b9a29e6e-211f-4cd2-b7cf-4d13f0afff8d,uuid:b9a29e6e-211f-4cd2-b7cf-4d13f0afff8d,21,Tablet 3,1,1,,,collect:bdJSB2Qr9ZA7I3SS,0,204
2023-07-31T18:10:50.032Z,2023-07-31T13:42:19.773+03:00,,31/07/2023,1,OK,1,,2,3,1,0,,22,4,1,23,11,1,20,7,1,,,1,4,,4,5,5,5,1,4,5,5,4,2,4,2,5,5,1,2,3,2,4,4,,1,2,2,2,22,11,7,,0,0,0,,,Education about gender should be provided to the community,One of the participants had the perception that paying dowry makes it legal for a man to beat a wife because she officially belongs to him and he can do anything to her ,,uuid:99c774e9-35f8-4c35-b065-f9c01e17aaf7,uuid:99c774e9-35f8-4c35-b065-f9c01e17aaf7,21,Tablet 3,1,1,,,collect:bdJSB2Qr9ZA7I3SS,0,204
2023-07-31T18:10:48.172Z,2023-07-31T13:09:05.147+03:00,,31/07/2023,1,OK,1,,2,3,1,0,,19,11,0,20,7,1,25,7,1,,,1,5,,2,5,5,5,2,2,3,4,5,4,5,2,3,2,2,3,5,2,3,4,,2,2,3,3,19,5,2,,0,0,0,,,,Interesting discussion everyone was contributing,,uuid:9e8c5c0c-43c7-4153-924e-cc97ea7985da,uuid:9e8c5c0c-43c7-4153-924e-cc97ea7985da,21,Tablet 3,1,1,,,collect:bdJSB2Qr9ZA7I3SS,0,204
2023-07-31T18:10:46.870Z,2023-07-31T10:36:38.600+03:00,,31/07/2023,1,OK,1,,2,1,1,0,,26,11,1,26,11,1,23,15,1,,,1,5,,2,4,2,2,1,5,5,5,2,2,2,4,4,3,1,4,4,1,3,5,,1,2,1,2,26,11,4 1,,0,0,0,,,They suggest that Gender education should highly be provided to the community to reduce bad perceptions against women,,,uuid:9f6bcf8a-4023-4a61-9209-7512d80a76f2,uuid:9f6bcf8a-4023-4a61-9209-7512d80a76f2,21,Tablet 3,1,1,,,collect:bdJSB2Qr9ZA7I3SS,0,204
2023-07-31T18:10:44.311Z,2023-07-31T09:58:02.350+03:00,,31/07/2023,1,OK,1,,2,1,1,0,,19,8,1,24,7,1,19,11,1,,,1,5,,5,4,1,1,1,3,5,5,5,5,2,4,5,4,2,2,3,1,3,3,,1,2,3,3,21,11,7 2,,0,0,0,,,None,There was nice involvement and participation from other peers but didn't change the respondents thoughts ,,uuid:f6ee64b0-8869-4b28-a487-f7c6fdd67a17,uuid:f6ee64b0-8869-4b28-a487-f7c6fdd67a17,21,Tablet 3,1,1,,,collect:bdJSB2Qr9ZA7I3SS,0,204