SubmissionDate,start,note_welcome,intdate,m_eligible,consent_statement,m_consent,note_conditionCheck,who_present,context,private,wazungu,intro_prompt,scale_use,practice_q1,practice_q2,note_practice,emp1,emp2,emp3,emp4,emp5,emp6,emp7,emp8,emp9,emp10,emp11,emp12,emp13,emp14,emp15,emp16,emp17,emp18,emp19,emp20,note_finish_emps,honest1,honest2,m_age,m_edu,m_work,m_workother,numwife,m_prevwife,m_numkids,debrief_statement,note5,m_comment,m_comment2,note6,instanceID,KEY,SubmitterID,SubmitterName,AttachmentsPresent,AttachmentsExpected,Status,ReviewState,DeviceID,Edits,FormVersion
2023-08-23T14:39:24.196Z,2023-08-23T14:08:06.927+03:00,,23/08/2023,1,OK,1,,2,1,1,0,,,1,5,,1,2,1,1,1,5,5,5,3,5,3,1,5,5,4,4,4,1,4,5,,1,2,27,11,2,,0,0,0,,,No Comment ,He replied well ,,uuid:25c0e646-38f3-47eb-a1a5-0c165a343428,uuid:25c0e646-38f3-47eb-a1a5-0c165a343428,25,Tablet 1,2,2,,,collect:RoeX2IoCTsgXAyuG,0,205[encrypted:AYmtH7kX]
2023-08-23T14:39:23.049Z,2023-08-23T13:09:04.500+03:00,,23/08/2023,1,OK,1,,2,3,1,0,,,1,5,,1,4,5,5,1,3,3,3,3,1,3,3,3,4,1,5,4,1,2,5,,1,2,26,11,2,,0,0,0,,,No Comment ,He replied well ,,uuid:fc57eb36-dd69-450a-9ed5-7401f4b74b57,uuid:fc57eb36-dd69-450a-9ed5-7401f4b74b57,25,Tablet 1,2,2,,,collect:RoeX2IoCTsgXAyuG,0,205[encrypted:AYmtH7kX]
2023-08-23T14:39:21.986Z,2023-08-23T13:00:28.950+03:00,,23/08/2023,1,OK,1,,2,3,1,0,,,1,5,,1,5,4,5,1,4,3,3,2,4,3,4,1,3,1,1,4,3,2,1,,1,2,29,4,2,,0,0,0,,,No Comment ,He replied well ,,uuid:bde843e5-7fb1-4cfa-96b9-6699ee1f9992,uuid:bde843e5-7fb1-4cfa-96b9-6699ee1f9992,25,Tablet 1,2,2,,,collect:RoeX2IoCTsgXAyuG,0,205[encrypted:AYmtH7kX]
2023-08-23T14:39:21.007Z,2023-08-23T11:31:49.524+03:00,,23/08/2023,1,OK,1,,2,3,1,0,,,1,5,,1,4,1,1,1,2,5,5,3,5,2,3,2,4,1,1,5,2,2,5,,1,2,25,11,2,,1,0,0,,,No Comment ,He replied well ,,uuid:3e692e19-4fe6-4144-98e8-bff6c36dc489,uuid:3e692e19-4fe6-4144-98e8-bff6c36dc489,25,Tablet 1,2,2,,,collect:RoeX2IoCTsgXAyuG,0,205[encrypted:AYmtH7kX]
2023-08-23T14:39:19.978Z,2023-08-23T11:07:26.271+03:00,,23/08/2023,1,OK,1,,2,1,1,0,,,1,5,,1,4,4,1,1,2,5,4,3,1,3,1,5,4,1,1,3,4,5,3,,1,2,30,13,7,,1,0,1,,,No Comment ,He replied well ,,uuid:5da19808-b112-4855-96d4-e41b555a76d6,uuid:5da19808-b112-4855-96d4-e41b555a76d6,25,Tablet 1,2,2,,,collect:RoeX2IoCTsgXAyuG,0,205[encrypted:AYmtH7kX]
2023-08-23T14:39:18.868Z,2023-08-23T10:59:24.286+03:00,,23/08/2023,1,OK,1,,2,3,1,0,,,1,5,,2,5,4,2,1,2,4,5,2,2,5,3,2,4,1,4,2,5,4,1,,1,2,27,13,7,,0,0,0,,,No Comment ,He replied well ,,uuid:d8513044-1129-4fed-89ac-88c6e2b48037,uuid:d8513044-1129-4fed-89ac-88c6e2b48037,25,Tablet 1,2,2,,,collect:RoeX2IoCTsgXAyuG,0,205[encrypted:AYmtH7kX]
2023-08-23T14:39:17.756Z,2023-08-23T10:48:31.351+03:00,,23/08/2023,1,OK,1,,2,1,1,0,,,1,5,,1,1,2,2,1,3,5,5,3,4,3,2,5,5,2,3,5,3,2,3,,1,2,24,11,7,,0,0,0,,,No Comment ,He replied well ,,uuid:2d13cf8d-a5bc-4ad2-aa44-8629e1e3a5e6,uuid:2d13cf8d-a5bc-4ad2-aa44-8629e1e3a5e6,25,Tablet 1,2,2,,,collect:RoeX2IoCTsgXAyuG,0,205[encrypted:AYmtH7kX]
2023-08-22T13:10:21.910Z,2023-08-22T14:05:29.627+03:00,,22/08/2023,1,OK,1,,2,1,1,0,,,1,5,,3,4,3,3,1,4,4,3,2,4,3,4,4,5,3,2,3,3,3,4,,1,2,21,11,4,,0,0,0,,,No Comment ,He replied well ,,uuid:fe0aa849-028b-451a-b1ea-650d62e48d5d,uuid:fe0aa849-028b-451a-b1ea-650d62e48d5d,25,Tablet 1,2,2,,,collect:RoeX2IoCTsgXAyuG,0,205[encrypted:AYmtH7kX]
2023-08-22T13:10:20.871Z,2023-08-22T13:49:56.377+03:00,,22/08/2023,1,,1,,2,3,1,0,,,1,5,,2,3,2,2,1,2,5,4,2,4,5,3,4,5,1,5,2,1,1,3,,1,2,23,13,10,,0,0,0,,,"
No Comment ",He replied well ,,uuid:5f53cbbf-1b98-4a94-a67b-0b521fda5535,uuid:5f53cbbf-1b98-4a94-a67b-0b521fda5535,25,Tablet 1,2,2,,,collect:RoeX2IoCTsgXAyuG,0,205[encrypted:AYmtH7kX]
2023-08-22T13:10:19.773Z,2023-08-22T13:17:30.574+03:00,,22/08/2023,1,OK,1,,2,1,1,0,,,1,5,,1,5,1,3,3,5,5,5,3,3,5,5,4,5,2,5,4,2,4,5,,1,2,28,11,2,,1,0,0,,,No Comment ,He replied well ,,uuid:0ea9879e-bf52-4dc9-a747-5209342edc24,uuid:0ea9879e-bf52-4dc9-a747-5209342edc24,25,Tablet 1,2,2,,,collect:RoeX2IoCTsgXAyuG,0,205[encrypted:AYmtH7kX]
2023-08-22T13:10:18.460Z,2023-08-22T12:36:05.452+03:00,,22/08/2023,1,OK,1,,2,3,1,0,,,1,5,,1,2,2,2,1,5,4,5,3,4,5,5,5,3,1,1,2,3,3,5,,1,2,26,9,8,,1,0,0,,,No Comment ,He replied well ,,uuid:96caef82-a141-4303-bc3b-5f12b0d8b08e,uuid:96caef82-a141-4303-bc3b-5f12b0d8b08e,25,Tablet 1,2,2,,,collect:RoeX2IoCTsgXAyuG,0,205[encrypted:AYmtH7kX]
2023-08-22T13:10:17.188Z,2023-08-22T11:27:00.845+03:00,,22/08/2023,1,OK,1,,2,3,1,0,,,1,5,,4,4,2,2,1,2,5,3,2,4,3,1,4,4,4,1,5,5,5,5,,1,2,24,10,2,,0,0,0,,,No Comment ,He replied well ,,uuid:9b824052-b9d2-42a4-896b-455ba48cb727,uuid:9b824052-b9d2-42a4-896b-455ba48cb727,25,Tablet 1,2,2,,,collect:RoeX2IoCTsgXAyuG,0,205[encrypted:AYmtH7kX]
2023-08-22T13:10:15.783Z,2023-08-22T11:08:34.995+03:00,,22/08/2023,1,OK,1,,2,3,1,0,,,1,5,,1,5,4,2,4,4,5,5,5,2,4,4,5,5,1,1,5,4,4,4,,1,2,23,11,4,,0,0,0,,,No Comment ,He replied well ,,uuid:e5ae1cf1-a5e0-4e63-a3fe-3df342e3415e,uuid:e5ae1cf1-a5e0-4e63-a3fe-3df342e3415e,25,Tablet 1,2,2,,,collect:RoeX2IoCTsgXAyuG,0,205[encrypted:AYmtH7kX]
2023-08-22T13:10:14.325Z,2023-08-22T10:51:29.291+03:00,,22/08/2023,1,OK,1,,1,1,1,0,,,1,5,,2,4,2,2,1,4,4,4,3,3,3,3,4,2,2,1,5,2,5,4,,1,2,25,11,6,,0,0,0,,,No Comment ,He replied well ,,uuid:0997dd4e-9b64-4ded-8726-cb304afb0e79,uuid:0997dd4e-9b64-4ded-8726-cb304afb0e79,25,Tablet 1,2,2,,,collect:RoeX2IoCTsgXAyuG,0,205[encrypted:AYmtH7kX]
2023-08-22T13:10:12.937Z,2023-08-22T10:34:04.511+03:00,,22/08/2023,1,OK,1,,2,3,1,0,,,1,5,,5,4,1,1,1,5,5,5,1,5,3,1,5,3,1,3,3,4,3,3,,1,2,27,11,2 1,,1,0,1,,,No Comment ,He replied well ,,uuid:ebe2c2cd-aa8f-4d6e-a295-f0c0560b0a85,uuid:ebe2c2cd-aa8f-4d6e-a295-f0c0560b0a85,25,Tablet 1,2,2,,,collect:RoeX2IoCTsgXAyuG,0,205[encrypted:AYmtH7kX]
2023-08-22T13:10:11.853Z,2023-08-22T10:22:14.754+03:00,,22/08/2023,1,OK,1,,2,3,1,0,,,1,5,,2,4,3,3,2,4,4,3,3,3,2,2,3,3,2,2,3,2,3,4,,1,2,23,11,7,,0,0,0,,,No Comment ,He replied well ,,uuid:1e187516-0f04-4a16-baaa-104e5353a35d,uuid:1e187516-0f04-4a16-baaa-104e5353a35d,25,Tablet 1,2,2,,,collect:RoeX2IoCTsgXAyuG,0,205[encrypted:AYmtH7kX]
2023-08-21T13:03:30.669Z,2023-08-21T13:55:42.049+03:00,,21/08/2023,1,OK,1,,2,1,1,0,,,1,5,,1,3,2,1,1,5,5,3,4,4,3,4,4,5,1,1,3,4,4,4,,1,2,27,11,2,,0,0,0,,,No Comment ,He replied well ,,uuid:28c30fff-2fa6-4dd2-8ed1-f596a3615813,uuid:28c30fff-2fa6-4dd2-8ed1-f596a3615813,25,Tablet 1,2,2,,,collect:RoeX2IoCTsgXAyuG,0,205[encrypted:AYmtH7kX]
2023-08-21T13:03:28.740Z,2023-08-21T13:38:01.510+03:00,,21/08/2023,1,OK,1,,1,1,1,0,,,1,5,,2,3,2,1,1,5,3,3,2,5,3,1,3,4,1,2,4,3,2,3,,1,2,24,11,0,,0,0,0,,,No Comment ,He replied well ,,uuid:fc1a8d0f-e68a-4488-b956-bc0ff02a214c,uuid:fc1a8d0f-e68a-4488-b956-bc0ff02a214c,25,Tablet 1,2,2,,,collect:RoeX2IoCTsgXAyuG,0,205[encrypted:AYmtH7kX]
2023-08-21T13:03:26.873Z,2023-08-21T13:24:52.228+03:00,,21/08/2023,1,OK,1,,2,3,1,0,,,1,5,,5,5,5,3,5,2,1,3,2,5,3,2,4,4,4,1,5,1,5,1,,1,2,28,7,1,,0,0,2,,,No Comment ,He replied well ,,uuid:4411ab99-1301-4067-bb33-0d7012c16bea,uuid:4411ab99-1301-4067-bb33-0d7012c16bea,25,Tablet 1,2,2,,,collect:RoeX2IoCTsgXAyuG,0,205[encrypted:AYmtH7kX]
2023-08-21T13:03:24.194Z,2023-08-21T11:43:05.325+03:00,,21/08/2023,1,OK,1,,2,3,0,0,,,5,5,,1,5,2,1,1,2,5,3,2,2,4,3,4,4,4,4,3,1,3,1,,1,2,30,9,1,,0,0,2,,,No Comment ,He replied well ,,uuid:fb5cdd94-bdc7-4174-8b87-ec4fcd3987e2,uuid:fb5cdd94-bdc7-4174-8b87-ec4fcd3987e2,25,Tablet 1,2,2,,,collect:RoeX2IoCTsgXAyuG,0,205[encrypted:AYmtH7kX]
2023-08-21T13:03:22.309Z,2023-08-21T10:44:17.436+03:00,,21/08/2023,1,OK,1,,2,3,1,1,,,1,5,,1,5,4,4,3,1,4,5,1,1,4,4,5,4,1,4,2,4,3,1,,1,2,26,11,4,,1,1,3,,,No Comment ,He replied well ,,uuid:d63910db-d6b0-44d8-bd1f-125d1e2cee85,uuid:d63910db-d6b0-44d8-bd1f-125d1e2cee85,25,Tablet 1,2,2,,,collect:RoeX2IoCTsgXAyuG,0,205[encrypted:AYmtH7kX]
2023-08-21T13:03:20.328Z,2023-08-21T10:22:31.197+03:00,,21/08/2023,1,OK,1,,1,1,1,0,,,1,5,,5,4,2,1,1,5,5,4,4,4,5,2,4,5,1,1,2,3,3,5,,1,2,24,11,2,,0,0,0,,,No Comment ,He replied well ,,uuid:42850a28-ae31-4cc0-8277-0e03d6ade70a,uuid:42850a28-ae31-4cc0-8277-0e03d6ade70a,25,Tablet 1,2,2,,,collect:RoeX2IoCTsgXAyuG,0,205[encrypted:AYmtH7kX]
2023-08-21T13:03:18.480Z,2023-08-21T10:01:31.453+03:00,,21/08/2023,1,OK,1,,2,1,1,0,,,1,5,,1,4,4,4,1,4,5,5,3,4,4,2,3,2,4,1,2,5,5,1,,1,2,23,7,8,,1,0,1,,,No Comment ,He replied well ,,uuid:6e63643e-c315-4023-ac5a-33e352b52d7d,uuid:6e63643e-c315-4023-ac5a-33e352b52d7d,25,Tablet 1,2,2,,,collect:RoeX2IoCTsgXAyuG,0,205[encrypted:AYmtH7kX]
2023-08-21T13:03:16.516Z,2023-08-21T09:46:17.625+03:00,,21/08/2023,1,OK,1,,2,1,1,0,,,1,5,,5,4,2,1,1,5,5,4,4,3,2,4,5,3,2,2,3,1,2,1,,1,2,23,11,2,,0,0,0,,,No Comment ,He replied well ,,uuid:fefbac5d-d54c-4810-bab0-04993e3d8dd0,uuid:fefbac5d-d54c-4810-bab0-04993e3d8dd0,25,Tablet 1,2,2,,,collect:RoeX2IoCTsgXAyuG,0,205[encrypted:AYmtH7kX]
2023-08-18T16:08:56.494Z,2023-08-18T13:57:14.275+03:00,,18/08/2023,1,OK,1,,1,2,1,0,,,1,5,,1,3,2,2,1,4,5,3,3,4,4,3,2,4,2,3,4,1,2,5,,1,2,24,7,8,,0,0,1,,,No Comment ,He replied well ,,uuid:b2cdf6bc-efa6-4708-82d8-4a3461a6c243,uuid:b2cdf6bc-efa6-4708-82d8-4a3461a6c243,25,Tablet 1,2,2,,,collect:RoeX2IoCTsgXAyuG,0,205[encrypted:AYmtH7kX]
2023-08-18T16:08:54.646Z,2023-08-18T13:40:11.997+03:00,,18/08/2023,1,OK,1,,1,1,1,0,,,1,5,,2,3,2,2,1,4,3,3,3,5,3,3,4,4,2,1,4,1,5,3,,1,2,26,7,2,,1,0,2,,,No Comment ,He replied well ,,uuid:68bfa52c-27ac-4f97-b4c3-f6dea2c153fd,uuid:68bfa52c-27ac-4f97-b4c3-f6dea2c153fd,25,Tablet 1,2,2,,,collect:RoeX2IoCTsgXAyuG,0,205[encrypted:AYmtH7kX]
2023-08-18T16:08:52.774Z,2023-08-18T13:02:07.319+03:00,,18/08/2023,1,OK,1,,2,3,1,0,,,1,5,,4,5,4,3,1,5,4,5,5,2,3,2,4,3,3,4,4,5,4,3,,1,2,30,11,2,,1,0,1,,,No Comment ,He replied well ,,uuid:4ac336e5-dd47-4841-ada4-48f0332dc1d9,uuid:4ac336e5-dd47-4841-ada4-48f0332dc1d9,25,Tablet 1,2,2,,,collect:RoeX2IoCTsgXAyuG,0,205[encrypted:AYmtH7kX]
2023-08-18T16:08:50.860Z,2023-08-18T11:54:47.247+03:00,,18/08/2023,1,OK,1,,1,1,1,0,,,1,5,,3,3,2,2,4,4,3,3,2,4,3,2,5,4,2,1,2,3,3,4,,1,2,24,7,2,,0,0,0,,,No Comment ,He replied well ,,uuid:660cee53-7b1c-4ea0-903b-4befdd881e4a,uuid:660cee53-7b1c-4ea0-903b-4befdd881e4a,25,Tablet 1,2,2,,,collect:RoeX2IoCTsgXAyuG,0,205[encrypted:AYmtH7kX]
2023-08-18T16:08:49.001Z,2023-08-18T11:31:54.889+03:00,,18/08/2023,1,OK,1,,1,1,1,0,,,1,5,,1,3,2,2,1,3,5,3,2,1,4,3,4,3,4,1,4,2,5,2,,1,2,23,7,2,,0,0,1,,,No Comment ,He replied well ,,uuid:36794d97-9602-41de-8995-1fcdef9b7ea7,uuid:36794d97-9602-41de-8995-1fcdef9b7ea7,25,Tablet 1,2,2,,,collect:RoeX2IoCTsgXAyuG,0,205[encrypted:AYmtH7kX]
2023-08-18T16:08:47.129Z,2023-08-18T11:01:11.636+03:00,,18/08/2023,1,OK,1,,2,1,1,0,,,1,5,,2,5,5,4,4,5,4,5,3,2,4,2,1,5,2,4,4,5,5,1,,1,2,18,7,2,,0,0,0,,,No Comment ,He replied well ,,uuid:9ed637a4-3349-4aac-addc-735f4ccc16b9,uuid:9ed637a4-3349-4aac-addc-735f4ccc16b9,25,Tablet 1,2,2,,,collect:RoeX2IoCTsgXAyuG,0,205[encrypted:AYmtH7kX]
2023-08-18T16:08:45.235Z,2023-08-18T10:48:50.546+03:00,,18/08/2023,1,OK,1,,1,1,1,0,,,1,5,,3,4,1,1,2,5,3,5,3,3,3,3,5,5,1,1,3,3,4,5,,1,2,25,15,2,,0,0,1,,,No Comment ,He replied well ,,uuid:6090ef10-c3b3-4fc1-acc2-1cbc565fab10,uuid:6090ef10-c3b3-4fc1-acc2-1cbc565fab10,25,Tablet 1,2,2,,,collect:RoeX2IoCTsgXAyuG,0,205[encrypted:AYmtH7kX]
2023-08-18T16:08:43.349Z,2023-08-18T10:32:33.749+03:00,,18/08/2023,1,OK,1,,1,3,1,0,,,1,5,,2,1,5,1,1,4,5,3,5,4,2,2,4,4,2,1,2,1,2,5,,1,2,24,11,2,,0,0,1,,,No Comment ,He replied well ,,uuid:76491bfe-bf9d-46ef-8ada-f40a42e1a9d4,uuid:76491bfe-bf9d-46ef-8ada-f40a42e1a9d4,25,Tablet 1,2,2,,,collect:RoeX2IoCTsgXAyuG,0,205[encrypted:AYmtH7kX]
2023-08-18T16:08:41.302Z,2023-08-18T10:19:40.847+03:00,,18/08/2023,1,OK,1,,2,1,1,0,,,1,5,,1,2,5,1,1,2,5,5,3,4,3,2,4,4,2,1,2,1,5,5,,1,2,23,7,2,,1,0,0,,,No Comment ,He replied well ,,uuid:14ae62c2-d0a7-458a-b031-4ee4d29d7bc7,uuid:14ae62c2-d0a7-458a-b031-4ee4d29d7bc7,25,Tablet 1,2,2,,,collect:RoeX2IoCTsgXAyuG,0,205[encrypted:AYmtH7kX]
2023-08-18T16:08:39.186Z,2023-08-18T09:53:38.217+03:00,,18/08/2023,1,OK,1,,1,1,1,0,,,1,5,,1,4,5,2,2,3,5,4,5,5,3,4,1,4,4,1,2,1,5,1,,1,2,19,2,2,,0,0,1,,,No Comment ,He replied well ,,uuid:a4061316-a9e5-4870-8610-93b31a337e81,uuid:a4061316-a9e5-4870-8610-93b31a337e81,25,Tablet 1,2,2,,,collect:RoeX2IoCTsgXAyuG,0,205[encrypted:AYmtH7kX]
2023-08-17T16:42:47.279Z,2023-08-17T14:04:14.348+03:00,,17/08/2023,1,OK,1,,2,3,1,0,,,5,5,,1,4,5,1,1,4,5,5,4,4,4,3,4,2,3,1,2,4,2,3,,1,2,23,7,1,,0,0,0,,,No Comment ,He replied well ,,uuid:575a6a80-a587-4058-9890-73c15adfc24c,uuid:575a6a80-a587-4058-9890-73c15adfc24c,25,Tablet 1,2,2,,,collect:RoeX2IoCTsgXAyuG,0,205[encrypted:AYmtH7kX]
2023-08-17T16:42:46.292Z,2023-08-17T13:39:47.215+03:00,,17/08/2023,1,OK,1,,1,1,1,0,,,1,5,,1,5,2,2,2,3,4,4,4,1,5,2,4,5,4,4,3,1,4,2,,1,2,27,11,2,,0,0,0,,,No Comment ,He replied well ,,uuid:93aba105-1cbe-444a-b226-00c5b6905c5e,uuid:93aba105-1cbe-444a-b226-00c5b6905c5e,25,Tablet 1,2,2,,,collect:RoeX2IoCTsgXAyuG,0,205[encrypted:AYmtH7kX]
2023-08-17T16:42:45.310Z,2023-08-17T13:20:03.644+03:00,,17/08/2023,1,OK,1,,1,1,1,0,,,1,5,,1,5,5,4,1,5,5,5,4,5,4,3,2,5,4,1,4,5,2,2,,1,2,30,0,2,,1,0,3,,,No Comment ,He replied well ,,uuid:65e81960-5f4f-482d-b427-6ee92c58af2a,uuid:65e81960-5f4f-482d-b427-6ee92c58af2a,25,Tablet 1,2,2,,,collect:RoeX2IoCTsgXAyuG,0,205[encrypted:AYmtH7kX]
2023-08-17T16:42:44.338Z,2023-08-17T11:47:01.778+03:00,,17/08/2023,1,OK,1,,2,1,1,0,,,1,5,,1,5,5,5,1,2,3,3,2,1,3,4,5,4,5,5,2,1,5,5,,1,2,27,7,2 1,,1,0,4,,,No Comment ,He replied well ,,uuid:e209110a-1c8b-444a-a100-d458a0307999,uuid:e209110a-1c8b-444a-a100-d458a0307999,25,Tablet 1,2,2,,,collect:RoeX2IoCTsgXAyuG,0,205[encrypted:AYmtH7kX]
2023-08-17T16:42:42.959Z,2023-08-17T11:13:00.335+03:00,,17/08/2023,1,OK,1,,1,1,1,0,,,1,5,,1,5,4,4,2,2,3,5,3,4,5,3,4,2,1,5,4,4,1,1,,1,2,27,7,2,,1,0,2,,,No Comment ,He replied well ,,uuid:c02e368b-bf9c-4dd6-b9aa-9d28ad6cf531,uuid:c02e368b-bf9c-4dd6-b9aa-9d28ad6cf531,25,Tablet 1,2,2,,,collect:RoeX2IoCTsgXAyuG,0,205[encrypted:AYmtH7kX]
2023-08-17T16:42:41.622Z,2023-08-17T10:41:45.016+03:00,,17/08/2023,1,OK,1,,2,3,1,0,,,1,5,,2,4,2,2,2,3,5,5,3,3,3,3,4,4,3,4,2,4,3,3,,1,2,25,9,2,,0,0,0,,,No Comment ,He replied well ,,uuid:61a6cf02-a11c-436b-bb23-48fedce71240,uuid:61a6cf02-a11c-436b-bb23-48fedce71240,25,Tablet 1,2,2,,,collect:RoeX2IoCTsgXAyuG,0,205[encrypted:AYmtH7kX]
2023-08-17T16:42:40.596Z,2023-08-17T10:26:36.880+03:00,,17/08/2023,1,OK,1,,1,1,1,0,,,1,5,,1,5,1,1,1,3,5,5,2,5,5,2,4,4,1,5,3,4,2,5,,1,2,21,11,2,,0,0,0,,,No Comment ,He replied well ,,uuid:bf52828d-3ee6-475a-9398-5ba5fbc47045,uuid:bf52828d-3ee6-475a-9398-5ba5fbc47045,25,Tablet 1,2,2,,,collect:RoeX2IoCTsgXAyuG,0,205[encrypted:AYmtH7kX]
2023-08-17T16:42:39.198Z,2023-08-17T10:04:05.672+03:00,,17/08/2023,1,OK,1,,2,3,1,0,,,1,5,,1,5,4,2,1,2,5,3,3,4,5,2,4,4,5,1,4,1,5,5,,1,2,23,5,2,,1,0,0,,,No Comment ,He replied well ,,uuid:b35f4abf-f044-4a7a-87e8-ef0af438648f,uuid:b35f4abf-f044-4a7a-87e8-ef0af438648f,25,Tablet 1,2,2,,,collect:RoeX2IoCTsgXAyuG,0,205[encrypted:AYmtH7kX]
2023-08-17T16:42:37.871Z,2023-08-17T09:50:39.549+03:00,,17/08/2023,1,OK,1,,1,1,1,0,,,1,5,,2,2,1,1,1,5,5,2,5,4,4,5,5,5,1,1,2,1,3,3,,1,2,24,9,2,,0,0,0,,,No Comment ,He replied well ,,uuid:1f78f168-fed1-4af6-83f6-c4828ec51dbd,uuid:1f78f168-fed1-4af6-83f6-c4828ec51dbd,25,Tablet 1,2,2,,,collect:RoeX2IoCTsgXAyuG,0,205[encrypted:AYmtH7kX]
2023-08-17T16:42:36.836Z,2023-08-17T09:32:12.973+03:00,,17/08/2023,1,OK,1,,2,1,1,0,,,1,5,,1,5,1,1,1,5,5,5,1,5,4,3,1,5,1,4,2,1,5,5,,1,2,24,5,2,,0,0,0,,,No Comment ,He replied well ,,uuid:11894f35-2163-48ca-8f60-b6d55647bcf8,uuid:11894f35-2163-48ca-8f60-b6d55647bcf8,25,Tablet 1,2,2,,,collect:RoeX2IoCTsgXAyuG,0,205[encrypted:AYmtH7kX]
2023-08-16T18:01:16.771Z,2023-08-16T14:36:52.395+03:00,,16/08/2023,1,OK,1,,2,1,1,0,,,1,5,,1,4,4,5,1,2,3,2,3,1,3,4,3,5,4,4,5,4,5,1,,1,2,18,4,8,,0,0,0,,,No Comment ,He replied well ,,uuid:307e090d-a6e2-43c4-914d-49b3a4db9d2a,uuid:307e090d-a6e2-43c4-914d-49b3a4db9d2a,25,Tablet 1,2,2,,,collect:RoeX2IoCTsgXAyuG,0,205[encrypted:AYmtH7kX]
2023-08-16T18:01:15.630Z,2023-08-16T14:31:33.100+03:00,,16/08/2023,1,OK,1,,2,1,1,0,,,1,5,,1,2,1,1,1,2,5,3,3,4,3,4,3,5,1,1,2,1,5,5,,1,2,18,9,8,,0,0,0,,,No Comment ,He replied well ,,uuid:76d2ffb8-dbb0-4a57-b0c8-bfd33c162124,uuid:76d2ffb8-dbb0-4a57-b0c8-bfd33c162124,25,Tablet 1,2,2,,,collect:RoeX2IoCTsgXAyuG,0,205[encrypted:AYmtH7kX]
2023-08-16T18:01:14.548Z,2023-08-16T12:11:46.933+03:00,,16/08/2023,1,,1,,1,2,1,0,,,1,5,,1,1,2,1,1,4,4,4,3,4,1,2,5,5,1,1,4,1,5,5,,1,2,22,7,2,,0,0,0,,,No Comment ,He replied well ,,uuid:6ec0405f-eee9-4416-a02f-0593ad8424ba,uuid:6ec0405f-eee9-4416-a02f-0593ad8424ba,25,Tablet 1,2,2,,,collect:RoeX2IoCTsgXAyuG,0,205[encrypted:AYmtH7kX]
2023-08-16T18:01:13.457Z,2023-08-16T11:04:16.357+03:00,,16/08/2023,1,OK,1,,2,1,1,0,,,1,5,,2,5,2,2,1,4,2,5,4,5,5,3,3,5,1,1,1,5,4,1,,1,2,22,15,5,,0,0,0,,,No Comment ,He replied well ,,uuid:3a6215ea-d93a-4e4e-bacd-760209056144,uuid:3a6215ea-d93a-4e4e-bacd-760209056144,25,Tablet 1,2,2,,,collect:RoeX2IoCTsgXAyuG,0,205[encrypted:AYmtH7kX]
2023-08-16T18:01:12.402Z,2023-08-16T10:53:00.571+03:00,,16/08/2023,1,OK,1,,2,1,1,0,,,1,5,,5,4,4,1,1,5,5,3,2,1,2,3,3,2,4,1,4,5,5,5,,1,2,21,4,2,,0,0,0,,,No Comment ,He replied well ,,uuid:cf77ae7d-e6e5-461c-8af0-2e9c16f8b838,uuid:cf77ae7d-e6e5-461c-8af0-2e9c16f8b838,25,Tablet 1,2,2,,,collect:RoeX2IoCTsgXAyuG,0,205[encrypted:AYmtH7kX]
2023-08-16T18:01:11.095Z,2023-08-16T10:44:14.813+03:00,,16/08/2023,1,OK,1,,1,1,1,0,,,1,5,,1,5,5,1,2,3,5,5,3,5,4,3,2,4,1,1,4,5,5,5,,1,2,27,7,2,,0,0,0,,,No Comment ,He replied well ,,uuid:67e42595-8d73-4e01-ade5-6d714acc75a7,uuid:67e42595-8d73-4e01-ade5-6d714acc75a7,25,Tablet 1,2,2,,,collect:RoeX2IoCTsgXAyuG,0,205[encrypted:AYmtH7kX]
2023-08-16T18:01:09.859Z,2023-08-16T10:21:22.868+03:00,,16/08/2023,1,OK,1,,1,1,1,0,,,1,5,,1,5,4,5,1,2,4,2,2,4,5,3,4,5,5,5,3,5,5,5,,1,2,25,0,7,,0,0,0,,,No Comment ,He is very slow ,,uuid:df2215c7-dcfb-451c-97c7-da5e17a7de88,uuid:df2215c7-dcfb-451c-97c7-da5e17a7de88,25,Tablet 1,2,2,,,collect:RoeX2IoCTsgXAyuG,0,205[encrypted:AYmtH7kX]
2023-08-16T18:01:08.764Z,2023-08-16T09:58:37.685+03:00,,16/08/2023,1,OK,1,,1,2,1,0,,,1,5,,1,3,5,1,1,3,2,2,3,3,4,2,2,3,2,1,4,1,5,2,,1,2,22,7,6,,0,0,0,,,No Comment ,He replied well ,,uuid:175325a3-8a17-4fbe-b393-189e2b5c7ae8,uuid:175325a3-8a17-4fbe-b393-189e2b5c7ae8,25,Tablet 1,2,2,,,collect:RoeX2IoCTsgXAyuG,0,205[encrypted:AYmtH7kX]
2023-08-16T18:01:07.677Z,2023-08-16T09:45:07.005+03:00,,16/08/2023,1,OK,1,,2,3,1,0,,,1,5,,2,3,1,1,1,3,5,4,2,5,2,2,3,2,1,1,4,1,3,5,,1,2,20,7,2,,0,0,0,,,No Comment ,He replied well ,,uuid:049ec69a-75f3-4a91-b348-ff7548a5dc86,uuid:049ec69a-75f3-4a91-b348-ff7548a5dc86,25,Tablet 1,2,2,,,collect:RoeX2IoCTsgXAyuG,0,205[encrypted:AYmtH7kX]
2023-08-16T18:01:06.554Z,2023-08-16T09:36:19.111+03:00,,16/08/2023,1,OK,1,,2,3,1,0,,,1,5,,1,5,3,4,1,2,4,5,3,4,2,4,3,3,5,1,4,4,5,2,,1,2,19,4,8,,0,0,0,,,No Comment ,He replied well ,,uuid:690db18e-db28-4423-98db-c75425c95f85,uuid:690db18e-db28-4423-98db-c75425c95f85,25,Tablet 1,2,2,,,collect:RoeX2IoCTsgXAyuG,0,205[encrypted:AYmtH7kX]
2023-08-15T13:26:58.609Z,2023-08-15T12:51:09.105+03:00,,15/08/2023,1,OK,1,,2,3,1,0,,,1,5,,1,4,4,4,3,4,5,5,2,5,2,3,5,4,5,3,2,3,2,4,,1,2,22,3,7,,0,0,0,,,No Comment ,He replied well ,,uuid:68f8d21f-9c6b-49f3-89e3-20195e9be358,uuid:68f8d21f-9c6b-49f3-89e3-20195e9be358,25,Tablet 1,2,2,,,collect:RoeX2IoCTsgXAyuG,0,205[encrypted:AYmtH7kX]
2023-08-15T13:26:57.531Z,2023-08-15T12:16:18.886+03:00,,15/08/2023,1,OK,1,,1,1,1,0,,,1,5,,2,2,1,1,1,3,4,3,2,4,5,3,3,2,1,1,2,4,2,1,,1,2,22,9,2 1,,1,0,0,,,No Comment ,He replied well ,,uuid:d389c582-fa50-4310-8f70-5808ffb4c217,uuid:d389c582-fa50-4310-8f70-5808ffb4c217,25,Tablet 1,2,2,,,collect:RoeX2IoCTsgXAyuG,0,205[encrypted:AYmtH7kX]
2023-08-15T13:26:56.443Z,2023-08-15T11:31:26.478+03:00,,15/08/2023,1,OK,1,,1,1,1,0,,,1,5,,1,4,3,3,2,4,5,3,2,3,5,2,5,4,1,4,2,4,5,3,,1,2,30,11,6,,1,0,2,,,No Comment ,He replied well ,,uuid:437d673c-d0cf-4a93-91f1-e18025de2084,uuid:437d673c-d0cf-4a93-91f1-e18025de2084,25,Tablet 1,2,2,,,collect:RoeX2IoCTsgXAyuG,0,205[encrypted:AYmtH7kX]
2023-08-15T13:26:55.440Z,2023-08-15T11:18:42.349+03:00,,15/08/2023,1,OK,1,,1,2,1,0,,,1,5,,4,2,1,1,1,5,5,5,5,4,3,3,5,4,1,1,1,1,4,5,,1,2,24,11,2,,1,0,1,,,No Comment ,He replied well,,uuid:c3be663c-af20-499a-b158-658fe63e64ae,uuid:c3be663c-af20-499a-b158-658fe63e64ae,25,Tablet 1,2,2,,,collect:RoeX2IoCTsgXAyuG,0,205[encrypted:AYmtH7kX]
2023-08-15T13:26:54.404Z,2023-08-15T11:03:42.117+03:00,,15/08/2023,1,OK,1,,2,3,1,0,,,1,5,,2,4,2,2,1,5,5,3,3,4,2,3,5,5,1,4,4,1,2,3,,1,2,20,11,2,,0,0,0,,,No Comment ,He replied well ,,uuid:191b0a19-342f-40ab-9f83-711050096542,uuid:191b0a19-342f-40ab-9f83-711050096542,25,Tablet 1,2,2,,,collect:RoeX2IoCTsgXAyuG,0,205[encrypted:AYmtH7kX]
2023-08-15T13:26:53.386Z,2023-08-15T10:52:52.050+03:00,,15/08/2023,1,OK,1,,1,2,1,0,,,1,5,,4,4,1,1,1,5,5,3,2,4,2,3,5,4,1,2,4,4,5,1,,1,2,28,10,2,,0,0,0,,,No Comment ,He replied well ,,uuid:f1e8528f-6aa9-4d63-b48a-6986b4e387a2,uuid:f1e8528f-6aa9-4d63-b48a-6986b4e387a2,25,Tablet 1,2,2,,,collect:RoeX2IoCTsgXAyuG,0,205[encrypted:AYmtH7kX]
2023-08-15T13:26:52.256Z,2023-08-15T10:39:19.294+03:00,,15/08/2023,1,OK,1,,1,2,1,0,,,1,5,,1,5,4,1,2,2,4,4,2,2,4,2,1,4,2,4,2,4,5,1,,1,2,29,4,7,,1,0,2,,,No Comment ,He replied well ,,uuid:0cff29ad-7475-4117-b1ce-a2332992b2c8,uuid:0cff29ad-7475-4117-b1ce-a2332992b2c8,25,Tablet 1,2,2,,,collect:RoeX2IoCTsgXAyuG,0,205[encrypted:AYmtH7kX]
2023-08-15T13:26:51.193Z,2023-08-15T10:25:56.584+03:00,,15/08/2023,1,OK,1,,2,3,1,0,,,1,5,,3,2,2,2,2,4,5,5,3,4,2,3,4,4,2,1,4,1,3,4,,1,2,22,15,10,,0,0,0,,,No Comment ,He replied well ,,uuid:c06ca44c-667a-4940-9414-472f844ef699,uuid:c06ca44c-667a-4940-9414-472f844ef699,25,Tablet 1,2,2,,,collect:RoeX2IoCTsgXAyuG,0,205[encrypted:AYmtH7kX]
2023-08-15T13:26:49.541Z,2023-08-15T10:15:02.307+03:00,,15/08/2023,1,OK,1,,1,2,1,0,,,1,5,,3,4,4,5,1,3,5,3,4,3,5,2,5,1,2,3,5,2,3,4,,1,2,19,9,10,,0,0,0,,,No Comment ,He replied well ,,uuid:6f23d13a-42df-45f3-931f-35c51e883ce0,uuid:6f23d13a-42df-45f3-931f-35c51e883ce0,25,Tablet 1,2,2,,,collect:RoeX2IoCTsgXAyuG,0,205[encrypted:AYmtH7kX]
2023-08-14T16:54:46.139Z,2023-08-14T13:50:18.414+03:00,,14/08/2023,1,OK,1,,2,1,1,0,,,1,5,,1,2,2,4,1,5,4,4,4,4,2,3,5,5,3,1,5,2,5,1,,1,2,24,11,7,,0,0,0,,,No Comment ,He replied well ,,uuid:14bfb1db-f075-4f36-b68b-a7273d81287a,uuid:14bfb1db-f075-4f36-b68b-a7273d81287a,25,Tablet 1,2,2,,,collect:RoeX2IoCTsgXAyuG,0,205[encrypted:AYmtH7kX]
2023-08-14T16:54:45.170Z,2023-08-14T13:26:29.698+03:00,,14/08/2023,1,OK,1,,1,2,1,0,,,1,5,,3,3,3,1,1,5,5,5,5,4,2,3,5,4,3,4,2,1,1,5,,1,2,30,15,5,,1,0,2,,,No Comment ,He replied well ,,uuid:c3363244-a97b-406d-8741-86225c9b86a9,uuid:c3363244-a97b-406d-8741-86225c9b86a9,25,Tablet 1,2,2,,,collect:RoeX2IoCTsgXAyuG,0,205[encrypted:AYmtH7kX]
2023-08-14T16:54:44.104Z,2023-08-14T13:03:08.124+03:00,,14/08/2023,1,OK,1,,1,2,1,0,,,1,5,,1,3,5,3,5,1,5,3,2,2,2,3,5,4,2,4,5,1,5,5,,1,2,30,15,2,,1,0,1,,,No Comment ,He replied well ,,uuid:ffe67299-6aff-4dd0-bd31-074fc259f089,uuid:ffe67299-6aff-4dd0-bd31-074fc259f089,25,Tablet 1,2,2,,,collect:RoeX2IoCTsgXAyuG,0,205[encrypted:AYmtH7kX]
2023-08-14T16:54:43.032Z,2023-08-14T12:46:32.413+03:00,,14/08/2023,1,OK,1,,2,1,1,0,,,1,5,,1,3,1,1,2,5,5,3,3,4,3,3,5,4,1,1,2,3,3,5,,1,2,30,11,7,,1,0,1,,,No Comment ,He replied well ,,uuid:10adf118-ca59-40a7-9fbc-02bceb341a1a,uuid:10adf118-ca59-40a7-9fbc-02bceb341a1a,25,Tablet 1,2,2,,,collect:RoeX2IoCTsgXAyuG,0,205[encrypted:AYmtH7kX]
2023-08-14T16:54:41.966Z,2023-08-14T11:10:58.865+03:00,,14/08/2023,1,OK,1,,1,3,1,0,,,1,5,,2,3,2,3,1,4,4,3,2,4,4,3,5,3,1,1,2,5,2,3,,1,2,24,11,6,,0,0,3,,,No Comment ,He replied well ,,uuid:9c138647-dd06-45d1-8b86-c58a125226d2,uuid:9c138647-dd06-45d1-8b86-c58a125226d2,25,Tablet 1,2,2,,,collect:RoeX2IoCTsgXAyuG,0,205[encrypted:AYmtH7kX]
2023-08-14T16:54:40.776Z,2023-08-14T10:59:48.984+03:00,,14/08/2023,1,OK,1,,1,1,1,0,,,1,5,,1,3,4,2,2,2,3,3,3,5,3,4,4,4,1,1,2,1,4,4,,1,2,23,15,2,,0,0,0,,,No Comment ,He replied well ,,uuid:2385a8c7-523c-4690-871d-de06b01d8db0,uuid:2385a8c7-523c-4690-871d-de06b01d8db0,25,Tablet 1,2,2,,,collect:RoeX2IoCTsgXAyuG,0,205[encrypted:AYmtH7kX]
2023-08-14T16:54:39.334Z,2023-08-14T10:49:47.960+03:00,,14/08/2023,1,OK,1,,1,2,1,0,,,1,5,,1,4,1,1,1,5,5,3,3,5,1,2,5,5,1,1,2,1,4,5,,1,2,24,15,5,,0,0,0,,,No Comment ,He replied well ,,uuid:1a4ad3b9-d572-40d7-a9ba-94c77add5fe2,uuid:1a4ad3b9-d572-40d7-a9ba-94c77add5fe2,25,Tablet 1,2,2,,,collect:RoeX2IoCTsgXAyuG,0,205[encrypted:AYmtH7kX]
2023-08-14T16:54:38.162Z,2023-08-14T10:32:39.982+03:00,,14/08/2023,1,OK,1,,2,3,1,0,,,1,5,,4,4,2,1,1,5,5,3,4,5,2,3,4,5,2,2,4,1,2,4,,1,2,20,11,2,,0,0,0,,,He replied well ,No Comment ,,uuid:51fb131d-fc8d-4573-8d24-90dad6e3f5ed,uuid:51fb131d-fc8d-4573-8d24-90dad6e3f5ed,25,Tablet 1,2,2,,,collect:RoeX2IoCTsgXAyuG,0,205[encrypted:AYmtH7kX]
2023-08-14T16:54:37.132Z,2023-08-14T10:23:11.517+03:00,,14/08/2023,1,OK,1,,1,2,1,0,,,1,1,,4,5,2,1,1,5,5,1,4,4,2,2,5,4,2,2,2,4,3,5,,1,2,22,15,8,,0,0,0,,,No Comment ,He replied well ,,uuid:963778fe-977d-4c17-9d28-f708ef5e17be,uuid:963778fe-977d-4c17-9d28-f708ef5e17be,25,Tablet 1,2,2,,,collect:RoeX2IoCTsgXAyuG,0,205[encrypted:AYmtH7kX]
2023-08-14T16:54:35.022Z,2023-08-14T10:09:41.796+03:00,,14/08/2023,1,OK,1,,1,1,1,0,,,1,5,,1,3,2,1,1,5,4,5,5,4,5,2,3,2,1,1,4,1,3,1,,1,2,18,11,10,,0,0,0,,,No Comment ,He replied well ,,uuid:04f6ff1d-3add-4f58-a2c0-3f9a6357c59c,uuid:04f6ff1d-3add-4f58-a2c0-3f9a6357c59c,25,Tablet 1,2,2,,,collect:RoeX2IoCTsgXAyuG,0,205[encrypted:AYmtH7kX]
2023-08-12T13:34:52.027Z,2023-08-11T14:08:22.937+03:00,,11/08/2023,1,OK,1,,1,1,1,0,,,1,5,,1,5,4,2,1,5,5,2,1,1,5,1,2,1,1,2,2,1,1,5,,1,2,20,7,7,,0,0,1,,,No Comment ,He replied well ,,uuid:334c5928-5208-45af-8efc-4ba80fed4106,uuid:334c5928-5208-45af-8efc-4ba80fed4106,25,Tablet 1,2,2,,,collect:RoeX2IoCTsgXAyuG,0,205[encrypted:AYmtH7kX]
2023-08-12T13:34:50.154Z,2023-08-11T12:48:38.137+03:00,,11/08/2023,1,OK,1,,2,3,1,0,,,1,5,,1,4,5,2,2,1,5,5,4,5,4,2,5,4,4,4,5,1,5,5,,1,2,18,7,7,,0,0,1,,,No Comment ,He replied well ,,uuid:6a690ba0-173f-4873-977e-a45da2ea1ca3,uuid:6a690ba0-173f-4873-977e-a45da2ea1ca3,25,Tablet 1,2,2,,,collect:RoeX2IoCTsgXAyuG,0,205[encrypted:AYmtH7kX]
2023-08-12T13:34:48.224Z,2023-08-11T12:32:10.785+03:00,,11/08/2023,1,OK,1,,2,3,1,0,,,1,5,,4,2,2,2,1,4,4,5,4,3,4,2,5,4,2,2,5,2,2,4,,1,2,24,15,10,,0,0,0,,,No Comment ,He replied well ,,uuid:e6927198-c33d-430c-b6cc-32ce33437ec0,uuid:e6927198-c33d-430c-b6cc-32ce33437ec0,25,Tablet 1,2,2,,,collect:RoeX2IoCTsgXAyuG,0,205[encrypted:AYmtH7kX]
2023-08-12T13:34:46.305Z,2023-08-11T10:59:18.198+03:00,,11/08/2023,1,OK,1,,1,2,1,0,,,1,5,,2,5,5,2,5,2,5,5,3,2,2,4,2,4,4,4,5,1,4,5,,1,2,18,7,2,,0,0,0,,,No Comment ,He replied well ,,uuid:f6fa924d-883d-47b4-9ece-9d89f73746c8,uuid:f6fa924d-883d-47b4-9ece-9d89f73746c8,25,Tablet 1,2,2,,,collect:RoeX2IoCTsgXAyuG,0,205[encrypted:AYmtH7kX]
2023-08-12T13:34:44.281Z,2023-08-11T10:40:41.411+03:00,,11/08/2023,1,OK,1,,1,2,1,0,,,1,5,,1,5,3,4,1,2,5,5,1,5,3,2,5,5,1,4,2,1,5,5,,1,2,23,11,7,,0,0,1,,,No Comment ,He replied well ,,uuid:15d11ac3-27b2-41fb-9e36-dbf93cec8b32,uuid:15d11ac3-27b2-41fb-9e36-dbf93cec8b32,25,Tablet 1,2,2,,,collect:RoeX2IoCTsgXAyuG,0,205[encrypted:AYmtH7kX]
2023-08-12T13:34:42.236Z,2023-08-11T10:29:49.394+03:00,,11/08/2023,1,OK,1,,1,2,1,0,,,1,5,,2,4,1,1,1,5,5,4,5,3,3,3,4,3,2,5,5,3,4,5,,1,2,20,9,2,,0,0,0,,,No Comment ,He replied well ,,uuid:9d1ed3ff-460f-4bab-b529-79886276be54,uuid:9d1ed3ff-460f-4bab-b529-79886276be54,25,Tablet 1,2,2,,,collect:RoeX2IoCTsgXAyuG,0,205[encrypted:AYmtH7kX]
2023-08-12T13:34:39.112Z,2023-08-11T10:21:50.259+03:00,,11/08/2023,1,OK,1,,1,2,1,0,,,1,5,,5,1,1,1,1,5,5,5,5,5,1,5,5,5,1,5,5,1,5,5,,1,2,19,12,10,,0,0,0,,,No Comment ,He replied well ,,uuid:1b37185f-a3fb-4951-b922-72cdfa844696,uuid:1b37185f-a3fb-4951-b922-72cdfa844696,25,Tablet 1,2,2,,,collect:RoeX2IoCTsgXAyuG,0,205[encrypted:AYmtH7kX]
2023-08-12T13:34:37.200Z,2023-08-11T10:08:55.691+03:00,,11/08/2023,1,OK,1,,1,2,1,0,,,1,5,,1,4,2,1,1,4,4,4,2,5,4,3,4,2,2,2,5,4,5,4,,1,2,25,9,8,,1,0,1,,,No Comment ,He replied well ,,uuid:62d4d206-66b3-40b8-99c0-8e8e24eeccaf,uuid:62d4d206-66b3-40b8-99c0-8e8e24eeccaf,25,Tablet 1,2,2,,,collect:RoeX2IoCTsgXAyuG,0,205[encrypted:AYmtH7kX]
2023-08-12T13:34:35.075Z,2023-08-11T09:53:26.622+03:00,,11/08/2023,1,OK,1,,1,1,1,0,,,1,5,,1,5,5,5,4,5,5,5,1,5,5,4,3,5,5,5,5,5,1,5,,1,2,30,15,2,,1,0,4,,,No Comment ,He replied well ,,uuid:62fc2b38-c0a9-4d17-95fc-19c89c76044a,uuid:62fc2b38-c0a9-4d17-95fc-19c89c76044a,25,Tablet 1,2,2,,,collect:RoeX2IoCTsgXAyuG,0,205[encrypted:AYmtH7kX]
2023-08-10T16:12:01.669Z,2023-08-10T14:44:58.425+03:00,,10/08/2023,1,OK,1,,1,1,1,0,,,1,5,,1,2,1,3,1,5,4,5,4,3,4,3,3,2,2,4,5,4,2,2,,1,2,26,7,2 1,,1,0,1,,,No Comment ,He replied well ,,uuid:f05cc9c9-ebe6-4191-9ea6-1a2b6e003806,uuid:f05cc9c9-ebe6-4191-9ea6-1a2b6e003806,25,Tablet 1,2,2,,,collect:RoeX2IoCTsgXAyuG,0,205[encrypted:AYmtH7kX]
2023-08-10T16:12:00.425Z,2023-08-10T12:42:10.903+03:00,,10/08/2023,1,OK,1,,1,1,1,0,,,1,5,,1,5,1,1,1,5,5,5,1,2,2,2,4,2,2,2,4,4,4,4,,1,2,24,11,7 1,,1,0,0,,,No Comment ,Very nice ,,uuid:e390642b-28ba-4440-ac6b-ad2f6badca19,uuid:e390642b-28ba-4440-ac6b-ad2f6badca19,25,Tablet 1,2,2,,,collect:RoeX2IoCTsgXAyuG,0,205[encrypted:AYmtH7kX]
2023-08-10T16:11:58.990Z,2023-08-10T12:11:33.954+03:00,,10/08/2023,1,OK,1,,1,2,1,0,,,1,5,,1,2,4,2,5,4,5,4,4,5,5,2,2,1,4,5,2,1,5,3,,1,2,18,11,,,,,,,,No Comment ,He replied well ,,uuid:46e3fe95-2508-43d0-af17-b2e0ae1864bf,uuid:46e3fe95-2508-43d0-af17-b2e0ae1864bf,25,Tablet 1,2,2,,,collect:RoeX2IoCTsgXAyuG,0,205[encrypted:AYmtH7kX]
2023-08-10T16:11:58.009Z,2023-08-10T11:55:13.651+03:00,,10/08/2023,1,OK,1,,1,2,1,0,,,1,5,,2,4,4,2,2,2,5,4,2,4,4,1,2,2,1,2,5,2,4,4,,1,2,18,10,8 1,,0,0,0,,,No Comment ,He is very slow ,,uuid:f66c936d-861a-4e4e-9beb-97782bf7ea90,uuid:f66c936d-861a-4e4e-9beb-97782bf7ea90,25,Tablet 1,2,2,,,collect:RoeX2IoCTsgXAyuG,0,205[encrypted:AYmtH7kX]
2023-08-10T16:11:56.496Z,2023-08-10T11:11:01.836+03:00,,10/08/2023,1,OK,1,,1,2,1,0,,,1,5,,2,5,2,3,1,3,5,4,4,5,3,3,1,3,4,1,3,4,1,5,,1,2,22,15,10,,0,0,0,,,No Comment ,Very good ,,uuid:57ed1ef2-93a2-4cdf-bbaf-d6d428faa800,uuid:57ed1ef2-93a2-4cdf-bbaf-d6d428faa800,25,Tablet 1,2,2,,,collect:RoeX2IoCTsgXAyuG,0,205[encrypted:AYmtH7kX]
2023-08-10T16:11:55.320Z,2023-08-10T10:49:18.574+03:00,,10/08/2023,1,OK,1,,2,1,1,0,,,1,5,,2,4,1,2,1,5,4,4,5,4,2,4,2,5,2,2,4,1,3,2,,1,2,19,11,8,,0,0,0,,,No Comment ,He replied well ,,uuid:c207a657-7ed8-48b6-a078-7043bfcf38f9,uuid:c207a657-7ed8-48b6-a078-7043bfcf38f9,25,Tablet 1,2,2,,,collect:RoeX2IoCTsgXAyuG,0,205[encrypted:AYmtH7kX]
2023-08-10T16:11:54.161Z,2023-08-10T10:41:42.844+03:00,,10/08/2023,1,OK,1,,1,1,1,0,,,1,5,,1,4,2,1,1,5,5,4,2,5,2,1,3,5,2,4,2,1,1,4,,1,2,18,11,8,,0,0,0,,,No Comment ,He replied well ,,uuid:637db699-a140-4f5d-a6dc-5266cfa565d5,uuid:637db699-a140-4f5d-a6dc-5266cfa565d5,25,Tablet 1,2,2,,,collect:RoeX2IoCTsgXAyuG,0,205[encrypted:AYmtH7kX]
2023-08-09T17:05:31.134Z,2023-08-09T12:02:48.473+03:00,,09/08/2023,1,OK,1,,2,3,1,0,,,1,5,,2,2,2,1,1,2,4,5,2,4,5,3,3,5,1,2,3,4,5,4,,2,2,26,15,0,,0,0,0,,,No Comment ,He replied well ,,uuid:12804deb-1c2f-4c6e-a129-d75da6fa7a50,uuid:12804deb-1c2f-4c6e-a129-d75da6fa7a50,25,Tablet 1,2,2,,,collect:RoeX2IoCTsgXAyuG,0,205[encrypted:AYmtH7kX]
2023-08-09T17:05:29.883Z,2023-08-09T11:35:22.303+03:00,,09/08/2023,1,OK,1,,1,1,1,0,,,1,5,,3,3,3,2,1,4,3,4,5,3,3,1,3,3,1,2,3,1,4,3,,1,2,28,15,2,,0,0,0,,,No Comment ,He is very slow in answering questions ,,uuid:1f5ca804-694b-4452-a4a6-d53a652411ae,uuid:1f5ca804-694b-4452-a4a6-d53a652411ae,25,Tablet 1,2,2,,,collect:RoeX2IoCTsgXAyuG,0,205[encrypted:AYmtH7kX]
2023-08-09T17:05:28.795Z,2023-08-09T11:12:17.000+03:00,,09/08/2023,1,OK,1,,2,3,1,0,,,1,5,,1,5,5,5,5,1,1,1,2,5,2,4,5,4,5,1,5,1,1,1,,1,2,18,7,2 1,,0,0,0,,,No Comment ,He replied well ,,uuid:a829d5be-9dae-4c27-9a8f-2e352c5bf4e5,uuid:a829d5be-9dae-4c27-9a8f-2e352c5bf4e5,25,Tablet 1,2,2,,,collect:RoeX2IoCTsgXAyuG,0,205[encrypted:AYmtH7kX]
2023-08-09T17:05:27.753Z,2023-08-09T10:51:08.170+03:00,,09/08/2023,1,OK,1,,2,3,1,0,,,1,5,,3,2,2,2,1,4,3,2,5,5,3,3,3,5,2,3,2,4,3,3,,1,2,23,15,2 1,,0,0,0,,,No Comment ,He replied well ,,uuid:e231f7cf-c56b-4071-a9b4-a071b43cae02,uuid:e231f7cf-c56b-4071-a9b4-a071b43cae02,25,Tablet 1,2,2,,,collect:RoeX2IoCTsgXAyuG,0,205[encrypted:AYmtH7kX]
2023-08-09T17:05:26.595Z,2023-08-09T10:16:13.405+03:00,,09/08/2023,1,OK,1,,1,1,1,0,,,1,5,,3,4,1,1,1,5,5,5,4,5,3,3,5,4,1,2,4,2,1,4,,1,2,20,11,,,,,,,,No Comment ,Very nice ,,uuid:f0a3ecf7-3ab4-4613-bbdb-8aa6c573ccbc,uuid:f0a3ecf7-3ab4-4613-bbdb-8aa6c573ccbc,25,Tablet 1,2,2,,,collect:RoeX2IoCTsgXAyuG,0,205[encrypted:AYmtH7kX]
2023-08-07T18:23:52.329Z,2023-08-07T13:38:52.727+03:00,,07/08/2023,1,OK,1,,2,1,1,0,,,1,5,,1,4,2,1,1,4,1,4,1,5,2,3,4,2,5,5,5,1,1,4,,1,2,20,10,8,,0,0,0,,,No comments ,He replied well ,,uuid:80f9c2ef-ef17-40b2-90f5-c51d517670b3,uuid:80f9c2ef-ef17-40b2-90f5-c51d517670b3,25,Tablet 1,2,2,,,collect:RoeX2IoCTsgXAyuG,0,205[encrypted:AYmtH7kX]
2023-08-07T18:23:51.235Z,2023-08-07T13:06:19.984+03:00,,07/08/2023,1,OK,1,,2,1,1,0,,,1,5,,4,2,1,2,1,4,5,4,3,2,3,3,4,2,3,1,1,1,2,5,,1,2,25,11,7,,0,0,0,,,No Comment ,He replied well ,,uuid:3967fea5-b41c-4015-95c3-381d97b7e98a,uuid:3967fea5-b41c-4015-95c3-381d97b7e98a,25,Tablet 1,2,2,,,collect:RoeX2IoCTsgXAyuG,0,205[encrypted:AYmtH7kX]
2023-08-07T18:23:49.935Z,2023-08-07T11:50:54.968+03:00,,07/08/2023,1,OK,1,,2,3,1,0,,,1,5,,3,3,1,1,1,4,5,4,4,4,3,4,5,1,2,2,2,2,4,4,,1,2,27,11,2 1,,0,0,0,,,No Comment ,Very nice ,,uuid:01d6516d-f0bd-4283-a0a4-e6e7954273af,uuid:01d6516d-f0bd-4283-a0a4-e6e7954273af,25,Tablet 1,2,2,,,collect:RoeX2IoCTsgXAyuG,0,205[encrypted:AYmtH7kX]
2023-08-07T18:23:48.894Z,2023-08-07T11:15:35.547+03:00,,07/08/2023,1,OK,1,,1,2,1,0,,,1,5,,1,4,5,4,1,3,4,5,2,1,5,2,2,2,2,4,4,5,4,1,,1,2,21,9,2,,0,0,0,,,No Comment ,He replied well ,,uuid:b6ae4d8c-95eb-405b-8981-7dd4218c464f,uuid:b6ae4d8c-95eb-405b-8981-7dd4218c464f,25,Tablet 1,2,2,,,collect:RoeX2IoCTsgXAyuG,0,205[encrypted:AYmtH7kX]
2023-08-07T18:23:47.878Z,2023-08-07T10:51:34.109+03:00,,07/08/2023,1,OK,1,,1,1,1,0,,,1,5,,3,4,1,1,1,5,4,4,4,2,4,1,3,4,2,4,5,1,1,5,,1,2,18,11,2,,0,0,0,,,No Comment ,Very fast,,uuid:d6bbdb45-025c-4a0c-9b09-4c5a9d3ebece,uuid:d6bbdb45-025c-4a0c-9b09-4c5a9d3ebece,25,Tablet 1,2,2,,,collect:RoeX2IoCTsgXAyuG,0,205[encrypted:AYmtH7kX]
2023-08-07T18:23:46.553Z,2023-08-07T10:28:09.023+03:00,,07/08/2023,1,OK,1,,2,1,1,0,,,1,5,,2,4,4,1,1,5,4,5,3,2,2,2,4,2,1,1,2,4,4,3,,1,2,20,11,7 1,,0,0,0,,,No Comment ,He replied very slowly ,,uuid:c844de85-cac5-4c25-ac05-bc56a3862641,uuid:c844de85-cac5-4c25-ac05-bc56a3862641,25,Tablet 1,2,2,,,collect:RoeX2IoCTsgXAyuG,0,205[encrypted:AYmtH7kX]
2023-08-07T18:23:45.143Z,2023-08-07T10:10:52.512+03:00,,07/08/2023,1,OK,1,,1,1,1,0,,,5,5,,1,4,2,1,1,2,4,5,2,2,3,1,4,2,1,3,4,2,5,1,,1,2,25,9,2,,1,0,2,,,No Comment ,Very nice ,,uuid:1250465c-083e-4901-a502-23236add7651,uuid:1250465c-083e-4901-a502-23236add7651,25,Tablet 1,2,2,,,collect:RoeX2IoCTsgXAyuG,0,205[encrypted:AYmtH7kX]
2023-08-07T18:23:44.018Z,2023-08-07T10:00:02.281+03:00,,07/08/2023,1,OK,1,,2,3,1,0,,,1,5,,1,4,5,2,1,5,4,4,5,3,5,4,5,4,1,1,4,2,4,5,,1,2,28,7,7,,1,1,2,,,No Comment ,Very nice ,,uuid:aa43115e-ca0f-4fa6-9148-e1d2ac6e8f15,uuid:aa43115e-ca0f-4fa6-9148-e1d2ac6e8f15,25,Tablet 1,2,2,,,collect:RoeX2IoCTsgXAyuG,0,205[encrypted:AYmtH7kX]
2023-08-07T18:23:43.021Z,2023-08-07T09:46:12.307+03:00,,07/08/2023,1,OK,1,,2,1,1,0,,,1,5,,1,5,1,2,1,3,5,5,4,5,5,3,3,5,2,3,3,2,2,3,,1,2,28,11,7,,0,0,0,,,No Comment ,He replied very well ,,uuid:e719f8ce-54f1-4352-90bf-fc900ed10892,uuid:e719f8ce-54f1-4352-90bf-fc900ed10892,25,Tablet 1,2,2,,,collect:RoeX2IoCTsgXAyuG,0,205[encrypted:AYmtH7kX]
2023-08-06T16:42:22.405Z,2023-08-04T13:15:14.377+03:00,,04/08/2023,1,OK,1,,1,3,1,0,,,1,5,,1,5,1,1,1,4,3,5,3,5,3,2,5,4,3,1,4,1,3,4,,1,2,23,7,1 8,,0,0,0,,,No Comment ,He replied well ,,uuid:1216a4cc-f110-425f-b697-6206fe23c541,uuid:1216a4cc-f110-425f-b697-6206fe23c541,25,Tablet 1,2,2,,,collect:RoeX2IoCTsgXAyuG,0,205[encrypted:AYmtH7kX]
2023-08-06T16:42:21.055Z,2023-08-04T12:24:24.349+03:00,,04/08/2023,1,OK,1,,1,1,1,0,,,1,5,,2,2,1,1,1,4,5,3,4,4,3,3,3,4,1,1,3,2,3,3,,1,2,25,11,8 11,,0,0,1,,,No Comment ,He replied well ,,uuid:622a987b-c7c3-4a9c-9ede-4b363418c7eb,uuid:622a987b-c7c3-4a9c-9ede-4b363418c7eb,25,Tablet 1,2,2,,,collect:RoeX2IoCTsgXAyuG,0,205[encrypted:AYmtH7kX]
2023-08-06T16:42:19.805Z,2023-08-04T12:01:53.058+03:00,,04/08/2023,1,OK,1,,1,1,1,0,,,1,5,,1,5,4,2,1,4,4,5,4,4,5,2,3,4,4,1,2,4,5,4,,1,2,23,9,8,,0,0,0,,,No Comment ,He replied well ,,uuid:3014e8b0-c092-46f3-8e24-9ee73b877f8d,uuid:3014e8b0-c092-46f3-8e24-9ee73b877f8d,25,Tablet 1,2,2,,,collect:RoeX2IoCTsgXAyuG,0,205[encrypted:AYmtH7kX]
2023-08-06T16:42:18.100Z,2023-08-04T11:38:22.377+03:00,,04/08/2023,1,OK,1,,2,1,1,0,,,1,5,,1,4,1,1,1,5,4,4,2,5,2,3,4,5,2,1,2,4,5,1,,1,2,26,9,8,,0,0,3,,,No Comment ,He replied ,,uuid:66681093-c4d0-4904-8e0a-641683cbce7b,uuid:66681093-c4d0-4904-8e0a-641683cbce7b,25,Tablet 1,2,2,,,collect:RoeX2IoCTsgXAyuG,0,205[encrypted:AYmtH7kX]
2023-08-06T16:42:17.181Z,2023-08-04T11:11:31.217+03:00,,04/08/2023,1,OK,1,,2,1,1,0,,,1,5,,1,5,1,1,1,3,3,4,2,2,4,1,3,1,2,2,4,1,5,4,,1,2,28,7,8 1,,1,0,2,,,No Comment ,Very nice ,,uuid:3e3ea723-100d-4b40-adfa-7d7d793d1d4e,uuid:3e3ea723-100d-4b40-adfa-7d7d793d1d4e,25,Tablet 1,2,2,,,collect:RoeX2IoCTsgXAyuG,0,205[encrypted:AYmtH7kX]
2023-08-06T16:42:16.165Z,2023-08-04T10:54:46.743+03:00,,04/08/2023,1,OK,1,,2,1,1,0,,,1,5,,1,4,1,1,1,3,4,5,3,4,3,2,3,2,2,2,2,2,4,1,,1,2,26,9,8,,0,0,1,,,No Comment ,Very nice ,,uuid:e86ed5ae-da35-4691-89a7-4613857b0d45,uuid:e86ed5ae-da35-4691-89a7-4613857b0d45,25,Tablet 1,2,2,,,collect:RoeX2IoCTsgXAyuG,0,205[encrypted:AYmtH7kX]
2023-08-06T16:42:15.269Z,2023-08-04T10:43:53.937+03:00,,04/08/2023,1,OK,1,,2,1,1,0,,,1,5,,1,5,5,1,1,5,5,4,3,5,2,2,5,5,2,2,4,2,4,3,,1,2,28,7,8 1,,1,0,1,,,No Comment ,Very nice ,,uuid:930c6bfd-df41-4220-84bd-80cfccc51a6b,uuid:930c6bfd-df41-4220-84bd-80cfccc51a6b,25,Tablet 1,2,2,,,collect:RoeX2IoCTsgXAyuG,0,205[encrypted:AYmtH7kX]
2023-08-06T16:42:14.275Z,2023-08-04T10:31:05.096+03:00,,04/08/2023,1,OK,1,,2,3,1,0,,,1,5,,1,5,5,2,1,5,5,4,3,3,4,4,3,3,5,3,5,3,3,3,,1,2,29,7,1 8,,1,0,2,,,No Comment ,He replied well ,,uuid:6868b858-83e9-4dbb-9de2-012f39b1881e,uuid:6868b858-83e9-4dbb-9de2-012f39b1881e,25,Tablet 1,2,2,,,collect:RoeX2IoCTsgXAyuG,0,205[encrypted:AYmtH7kX]
2023-08-06T16:42:13.111Z,2023-08-04T10:09:56.157+03:00,,04/08/2023,1,OK,1,,2,3,1,0,,,1,5,,3,5,1,2,1,4,5,2,2,5,4,2,5,2,2,1,5,1,2,5,,1,2,23,8,8,,0,0,0,,,No Comment ,Very nice ,,uuid:74cb4ed1-7647-4e7a-8049-d90940ab3ba4,uuid:74cb4ed1-7647-4e7a-8049-d90940ab3ba4,25,Tablet 1,2,2,,,collect:RoeX2IoCTsgXAyuG,0,205[encrypted:AYmtH7kX]
2023-08-03T18:02:20.134Z,2023-08-03T13:34:47.178+03:00,,03/08/2023,1,OK,1,,1,2,1,0,,,1,5,,3,5,1,1,1,2,5,5,4,5,2,2,4,4,2,1,3,4,5,4,,1,2,19,11,5,,0,0,1,,,No Comment ,He replied well ,,uuid:a0b3480e-adb3-49ec-86b5-6e2046c366c7,uuid:a0b3480e-adb3-49ec-86b5-6e2046c366c7,25,Tablet 1,2,2,,,collect:RoeX2IoCTsgXAyuG,0,205[encrypted:AYmtH7kX]
2023-08-03T18:02:18.874Z,2023-08-03T12:36:22.816+03:00,,03/08/2023,1,OK,1,,2,3,1,0,,,1,5,,4,2,3,1,1,1,5,5,1,3,2,3,3,1,2,1,5,1,5,5,,1,2,23,11,1,,0,0,1,,,No Comment ,Very nice ,,uuid:b0167df7-e700-45e5-b9e6-7228e2eebc30,uuid:b0167df7-e700-45e5-b9e6-7228e2eebc30,25,Tablet 1,2,2,,,collect:RoeX2IoCTsgXAyuG,0,205[encrypted:AYmtH7kX]
2023-08-03T18:02:17.712Z,2023-08-03T12:22:52.976+03:00,,03/08/2023,1,OK,1,,2,3,1,0,,,1,5,,1,5,5,3,2,4,5,3,2,5,3,2,1,5,1,2,5,5,2,1,,1,2,20,0,8,,0,0,0,,, No Comment ,He is very slow ,,uuid:8904c986-a233-4d17-8e80-3dd7f9e3a06a,uuid:8904c986-a233-4d17-8e80-3dd7f9e3a06a,25,Tablet 1,2,2,,,collect:RoeX2IoCTsgXAyuG,0,205[encrypted:AYmtH7kX]
2023-08-03T18:02:16.802Z,2023-08-03T12:09:16.251+03:00,,03/08/2023,1,OK,1,,2,3,1,0,,,1,5,,1,4,3,1,1,5,5,3,1,5,3,2,5,5,4,1,5,1,3,5,,1,2,18,9,1 8,,0,0,0,,,No Comment ,He replied well ,,uuid:c0c48561-7142-4e2d-82d3-0760722954bb,uuid:c0c48561-7142-4e2d-82d3-0760722954bb,25,Tablet 1,2,2,,,collect:RoeX2IoCTsgXAyuG,0,205[encrypted:AYmtH7kX]
2023-08-03T18:02:15.881Z,2023-08-03T11:13:15.002+03:00,,03/08/2023,1,OK,1,,1,1,1,0,,,1,5,,1,4,2,1,1,5,4,5,1,1,3,1,2,1,5,4,4,5,5,1,,1,2,19,15,10,,0,0,0,,,No Comment ,Very nice ,,uuid:8cf63d71-b837-4815-83dd-f534896c5533,uuid:8cf63d71-b837-4815-83dd-f534896c5533,25,Tablet 1,2,2,,,collect:RoeX2IoCTsgXAyuG,0,205[encrypted:AYmtH7kX]
2023-08-03T18:02:14.922Z,2023-08-03T10:52:26.680+03:00,,03/08/2023,1,OK,1,,1,1,1,0,,,1,5,,4,2,1,1,1,5,5,4,5,5,3,2,4,4,1,3,3,1,3,5,,1,2,24,11,4,,0,0,0,,,No Comment ,He replied well ,,uuid:ba8f4d25-89d9-4413-bf60-fa715d2b9b69,uuid:ba8f4d25-89d9-4413-bf60-fa715d2b9b69,25,Tablet 1,2,2,,,collect:RoeX2IoCTsgXAyuG,0,205[encrypted:AYmtH7kX]
2023-08-03T18:02:13.902Z,2023-08-03T10:34:04.455+03:00,,03/08/2023,1,OK,1,,1,2,1,0,,,1,5,,2,5,3,2,1,3,5,3,2,4,2,3,3,4,2,1,3,2,3,2,,1,2,27,7,7,,1,0,1,,,No Comment ,Very nice ,,uuid:b789f000-54e7-4329-a122-1dd2b8d62370,uuid:b789f000-54e7-4329-a122-1dd2b8d62370,25,Tablet 1,2,2,,,collect:RoeX2IoCTsgXAyuG,0,205[encrypted:AYmtH7kX]
2023-08-03T18:02:12.937Z,2023-08-03T10:21:30.539+03:00,,03/08/2023,1,OK,1,,1,1,1,0,,,1,5,,1,5,5,5,5,5,4,5,5,4,3,2,1,4,1,5,4,2,4,1,,1,2,21,11,2,,0,0,0,,,No Comment ,Very nice ,,uuid:1dc2d43b-2dcd-48d9-a1bb-cdb343e467bb,uuid:1dc2d43b-2dcd-48d9-a1bb-cdb343e467bb,25,Tablet 1,2,2,,,collect:RoeX2IoCTsgXAyuG,0,205[encrypted:AYmtH7kX]
2023-08-03T18:02:11.881Z,2023-08-03T10:02:47.292+03:00,,03/08/2023,1,OK,1,,1,3,1,0,,,1,5,,5,4,2,1,1,5,5,4,5,5,3,3,5,5,2,2,4,1,2,5,,1,2,25,11,7 6,,0,0,0,,,No Comment ,He replied well ,,uuid:13470190-302d-4f24-bb20-7db822aa0090,uuid:13470190-302d-4f24-bb20-7db822aa0090,25,Tablet 1,2,2,,,collect:RoeX2IoCTsgXAyuG,0,205[encrypted:AYmtH7kX]
2023-08-02T17:33:53.284Z,2023-08-02T13:12:33.578+03:00,,02/08/2023,1,OK,1,,2,3,1,0,,,1,5,,1,5,2,3,2,5,4,4,2,5,3,3,4,3,1,2,4,3,4,4,,1,2,27,11,2,,1,0,2,,,No Comment ,Very nice ,,uuid:f3169dbc-8d5a-4210-866d-b2db5a7e60cd,uuid:f3169dbc-8d5a-4210-866d-b2db5a7e60cd,25,Tablet 1,2,2,,,collect:RoeX2IoCTsgXAyuG,0,205[encrypted:AYmtH7kX]
2023-08-02T17:33:52.363Z,2023-08-02T13:00:37.666+03:00,,02/08/2023,1,OK,1,,1,1,1,0,,,1,5,,4,5,2,1,2,5,5,3,3,4,5,2,4,2,2,1,5,2,5,4,,1,2,23,11,2,,1,0,1,,,No Comment ,He replied well ,,uuid:1e69899d-710b-4c05-b96c-2175bb06da5e,uuid:1e69899d-710b-4c05-b96c-2175bb06da5e,25,Tablet 1,2,2,,,collect:RoeX2IoCTsgXAyuG,0,205[encrypted:AYmtH7kX]
2023-08-02T17:33:51.404Z,2023-08-02T12:37:53.510+03:00,,02/08/2023,1,OK,1,,1,1,1,0,,,1,5,,5,4,2,3,1,5,4,3,3,5,2,2,5,5,1,2,3,1,1,4,,1,2,18,11,1,,0,0,0,,,No Comment ,He replied well ,,uuid:19a353c8-55e9-4fec-b25a-64b0b0f3fcc9,uuid:19a353c8-55e9-4fec-b25a-64b0b0f3fcc9,25,Tablet 1,2,2,,,collect:RoeX2IoCTsgXAyuG,0,205[encrypted:AYmtH7kX]
2023-08-02T17:33:50.502Z,2023-08-02T12:13:32.303+03:00,,02/08/2023,1,OK,1,,1,1,1,0,,,1,5,,5,5,4,1,2,5,5,5,1,5,5,2,4,1,3,5,4,3,2,3,,1,2,23,7,2,,1,0,2,,,No Comment ,He replied well ,,uuid:5d0e0ac8-559b-463f-9d57-cf99bd533ca6,uuid:5d0e0ac8-559b-463f-9d57-cf99bd533ca6,25,Tablet 1,2,2,,,collect:RoeX2IoCTsgXAyuG,0,205[encrypted:AYmtH7kX]
2023-08-02T17:33:49.532Z,2023-08-02T11:39:21.004+03:00,,02/08/2023,1,OK,1,,2,3,1,0,,,1,5,,1,4,1,2,1,5,4,4,3,5,2,3,5,4,1,1,2,5,5,4,,1,2,29,7,1 2,,1,1,2,,,No Comment ,Great ,,uuid:5742d5d6-a134-45ea-821c-172b122aaff1,uuid:5742d5d6-a134-45ea-821c-172b122aaff1,25,Tablet 1,2,2,,,collect:RoeX2IoCTsgXAyuG,0,205[encrypted:AYmtH7kX]
2023-08-02T17:33:48.566Z,2023-08-02T11:21:49.468+03:00,,02/08/2023,1,OK,1,,1,1,1,0,,,1,5,,1,3,4,4,2,3,5,3,3,5,3,2,5,5,2,5,3,1,1,2,,1,2,25,7,7,,0,0,0,,,No Comment ,Very great ,,uuid:88459337-ba73-4f6e-a9c9-20a22b81a688,uuid:88459337-ba73-4f6e-a9c9-20a22b81a688,25,Tablet 1,2,2,,,collect:RoeX2IoCTsgXAyuG,0,205[encrypted:AYmtH7kX]
2023-08-02T17:33:47.501Z,2023-08-02T11:05:33.028+03:00,,02/08/2023,1,OK,1,,1,2,1,0,,,1,5,,2,5,2,3,4,5,5,4,4,2,3,2,3,3,3,5,5,1,5,4,,1,2,20,7,0,,0,0,0,,,No comment ,No problem ,,uuid:0f979fe4-81c1-4392-bc50-cc5365822090,uuid:0f979fe4-81c1-4392-bc50-cc5365822090,25,Tablet 1,2,2,,,collect:RoeX2IoCTsgXAyuG,0,205[encrypted:AYmtH7kX]
2023-08-02T17:33:46.542Z,2023-08-02T10:45:52.905+03:00,,02/08/2023,1,OK,1,,1,1,1,0,,,1,5,,1,2,4,2,2,5,4,4,2,4,5,1,3,3,5,1,4,2,5,4,,1,2,21,7,8,,0,0,0,,,No comment ,Very nice ,,uuid:8ad153d4-1897-4ceb-b013-30742f2f0d47,uuid:8ad153d4-1897-4ceb-b013-30742f2f0d47,25,Tablet 1,2,2,,,collect:RoeX2IoCTsgXAyuG,0,205[encrypted:AYmtH7kX]
2023-08-02T17:33:45.509Z,2023-08-02T10:32:30.423+03:00,,02/08/2023,1,OK,1,,1,2,1,0,,,5,5,,1,4,2,1,2,5,5,4,2,4,2,1,4,2,1,3,3,1,2,5,,1,2,22,11,2,,0,0,0,,,No comment ,Very nice ,,uuid:3f602003-d7d1-43ab-8ea3-312379555df6,uuid:3f602003-d7d1-43ab-8ea3-312379555df6,25,Tablet 1,2,2,,,collect:RoeX2IoCTsgXAyuG,0,205[encrypted:AYmtH7kX]
2023-08-02T17:33:44.536Z,2023-08-02T10:12:01.187+03:00,,02/08/2023,1,OK,1,,1,1,1,0,,,1,5,,5,5,3,2,3,5,4,5,2,5,3,1,3,5,2,3,4,1,3,2,,1,2,28,7,2,,1,0,1,,,No comment ,Very nice ,,uuid:517ebbec-bd64-4f64-bacf-edad705cc335,uuid:517ebbec-bd64-4f64-bacf-edad705cc335,25,Tablet 1,2,2,,,collect:RoeX2IoCTsgXAyuG,0,205[encrypted:AYmtH7kX]
2023-08-01T19:26:53.018Z,2023-08-01T13:36:19.042+03:00,,01/08/2023,1,OK,1,,1,3,1,0,,,5,5,,2,5,2,1,2,5,5,4,4,4,5,3,3,2,2,4,5,3,5,1,,1,2,18,7,2,,0,0,0,,,No comment ,Very nice ,,uuid:25acd1a2-e713-4baf-a3be-2cce1cee6ee7,uuid:25acd1a2-e713-4baf-a3be-2cce1cee6ee7,25,Tablet 1,2,2,,,collect:RoeX2IoCTsgXAyuG,0,205[encrypted:AYmtH7kX]
2023-08-01T19:26:52.124Z,2023-08-01T13:01:01.357+03:00,,01/08/2023,1,OK,1,,1,1,1,0,,,1,5,,5,4,1,2,1,4,5,3,4,5,2,5,4,1,3,1,4,1,1,5,,1,2,29,15,2,,0,0,0,,,No comment ,Very nice ,,uuid:935cdc66-f53c-4e38-a902-a3300cae125c,uuid:935cdc66-f53c-4e38-a902-a3300cae125c,25,Tablet 1,2,2,,,collect:RoeX2IoCTsgXAyuG,0,205[encrypted:AYmtH7kX]
2023-08-01T19:26:51.054Z,2023-08-01T12:25:59.081+03:00,,01/08/2023,1,OK,1,,1,2,1,0,,,1,5,,1,4,2,2,1,4,5,5,4,5,4,3,2,2,1,2,3,4,4,1,,1,2,18,7,2,,0,0,0,,,No comment ,Very nice ,,uuid:d65e0258-91d6-48b2-a280-cd98f4fd9046,uuid:d65e0258-91d6-48b2-a280-cd98f4fd9046,25,Tablet 1,2,2,,,collect:RoeX2IoCTsgXAyuG,0,205[encrypted:AYmtH7kX]
2023-08-01T19:26:50.170Z,2023-08-01T11:33:08.935+03:00,,01/08/2023,1,OK,1,,1,2,1,0,,,1,5,,5,2,1,1,1,5,5,5,3,3,3,3,4,5,4,2,2,1,1,4,,1,2,26,15,5,,1,0,0,,,No comment ,Very nice ,,uuid:e0cded64-35aa-4bee-a67c-cd487f83cfc7,uuid:e0cded64-35aa-4bee-a67c-cd487f83cfc7,25,Tablet 1,2,2,,,collect:RoeX2IoCTsgXAyuG,0,205[encrypted:AYmtH7kX]
2023-08-01T19:26:49.135Z,2023-08-01T11:12:41.576+03:00,,01/08/2023,1,OK,1,,1,2,1,0,,,1,5,,2,5,2,1,5,5,3,5,4,5,1,3,4,2,2,1,2,2,5,5,,1,2,18,8,2,,0,0,0,,,No comment ,Very nice ,,uuid:9ba3fc09-9a17-46d3-a227-509ce13acd32,uuid:9ba3fc09-9a17-46d3-a227-509ce13acd32,25,Tablet 1,2,2,,,collect:RoeX2IoCTsgXAyuG,0,205[encrypted:AYmtH7kX]
2023-08-01T19:26:47.944Z,2023-08-01T10:51:34.026+03:00,,01/08/2023,1,OK,1,,1,1,1,0,,,1,5,,3,5,4,2,1,2,5,2,1,1,1,1,1,2,4,2,3,2,3,1,,1,2,18,7,2,,0,0,0,,,No comment,Very nice ,,uuid:e35d2599-f643-46cb-b9a5-05249aef8be5,uuid:e35d2599-f643-46cb-b9a5-05249aef8be5,25,Tablet 1,2,2,,,collect:RoeX2IoCTsgXAyuG,0,205[encrypted:AYmtH7kX]
2023-08-01T19:26:46.421Z,2023-08-01T10:35:17.000+03:00,,01/08/2023,1,OK,1,,1,1,1,0,,,5,5,,1,1,3,2,1,5,5,1,2,4,5,1,3,1,2,1,5,4,2,1,,1,2,23,7,4,,0,0,0,,,No comment,Very nice ,,uuid:9ccd6e24-ca6e-4000-b78c-ce0731dc2114,uuid:9ccd6e24-ca6e-4000-b78c-ce0731dc2114,25,Tablet 1,2,2,,,collect:RoeX2IoCTsgXAyuG,0,205[encrypted:AYmtH7kX]
2023-08-01T19:26:45.469Z,2023-08-01T10:21:39.403+03:00,,01/08/2023,1,OK,1,,1,2,1,0,,,1,5,,5,1,5,2,1,5,5,4,2,5,5,1,5,5,2,3,3,1,5,5,,1,2,19,7,2,,0,0,0,,,No comment,He replied well ,,uuid:9342f96d-ca6b-44c4-bb32-df5fe10a4402,uuid:9342f96d-ca6b-44c4-bb32-df5fe10a4402,25,Tablet 1,2,2,,,collect:RoeX2IoCTsgXAyuG,0,205[encrypted:AYmtH7kX]
2023-08-01T19:26:44.414Z,2023-08-01T10:03:23.148+03:00,,01/08/2023,1,OK,1,,2,3,1,0,,,1,5,,1,5,5,2,1,5,4,5,2,2,4,2,3,2,2,3,2,5,5,4,,1,2,24,7,7,,1,1,2,,,No comment,Very nice ,,uuid:1e39a499-e3af-4b7e-90b6-24ebf0627cd3,uuid:1e39a499-e3af-4b7e-90b6-24ebf0627cd3,25,Tablet 1,2,2,,,collect:RoeX2IoCTsgXAyuG,0,205[encrypted:AYmtH7kX]
2023-08-01T19:26:42.391Z,2023-08-01T09:44:37.195+03:00,,01/08/2023,1,OK,1,,2,3,1,0,,,1,5,,2,5,2,2,2,4,5,4,2,5,2,2,1,4,4,5,2,2,5,4,,1,2,25,11,2,,0,0,0,,,Hakuna tatizo ,Very nice ,,uuid:2dc5f072-a508-419a-922d-a0cf9b44e0e2,uuid:2dc5f072-a508-419a-922d-a0cf9b44e0e2,25,Tablet 1,2,2,,,collect:RoeX2IoCTsgXAyuG,0,205[encrypted:AYmtH7kX]
2023-07-31T18:13:14.848Z,2023-07-31T14:20:18.149+03:00,,31/07/2023,1,OK,1,,2,1,1,0,,,1,5,,4,5,2,2,1,5,4,5,3,4,2,2,4,4,2,3,3,1,4,4,,1,1,22,11,0,,0,0,0,,,No comments ,No comments ,,uuid:edff888c-a7b0-46b6-a4c6-d4d106796871,uuid:edff888c-a7b0-46b6-a4c6-d4d106796871,25,Tablet 1,1,1,,,collect:RoeX2IoCTsgXAyuG,0,203
2023-07-31T18:13:13.697Z,2023-07-31T13:13:07.856+03:00,,31/07/2023,1,OK,1,,1,1,1,0,,,1,5,,1,5,1,1,1,3,5,5,4,5,2,2,3,5,1,1,5,2,2,4,,1,1,20,4,4,,0,0,0,,,No comments ,No comments ,,uuid:5e28232e-719d-4d6b-8a53-7c718e134771,uuid:5e28232e-719d-4d6b-8a53-7c718e134771,25,Tablet 1,1,1,,,collect:RoeX2IoCTsgXAyuG,0,203
2023-07-31T18:13:12.253Z,2023-07-31T12:49:53.854+03:00,,31/07/2023,1,OK,1,,1,2,1,0,,,1,5,,1,4,2,2,1,3,3,4,5,1,1,3,3,2,3,2,4,5,5,2,,1,1,25,7,1 7,,0,0,0,,,No comments ,Comments ,,uuid:bfaac802-d8a5-476f-96ed-b9bdb5df2085,uuid:bfaac802-d8a5-476f-96ed-b9bdb5df2085,25,Tablet 1,1,1,,,collect:RoeX2IoCTsgXAyuG,0,203
2023-07-31T18:13:11.286Z,2023-07-31T12:32:03.812+03:00,,31/07/2023,1,,1,,1,4,1,0,,,1,5,,2,2,1,1,1,2,4,4,5,4,1,2,5,5,1,1,4,2,4,2,,1,1,26,11,7,,1,0,1,,,No comments ,No comments ,,uuid:ef63287b-fe16-4f18-b31f-6373c3838e93,uuid:ef63287b-fe16-4f18-b31f-6373c3838e93,25,Tablet 1,1,1,,,collect:RoeX2IoCTsgXAyuG,0,203
2023-07-31T18:13:10.418Z,2023-07-31T12:15:06.162+03:00,,31/07/2023,1,OK,1,,1,4,1,0,,,1,5,,1,5,1,1,1,4,5,4,2,5,1,2,4,4,1,2,4,4,2,4,,1,1,21,11,8,,0,0,0,,,No comments ,No comments ,,uuid:5eb00092-8bba-41f4-a622-fe34a3a27574,uuid:5eb00092-8bba-41f4-a622-fe34a3a27574,25,Tablet 1,1,1,,,collect:RoeX2IoCTsgXAyuG,0,203
2023-07-31T18:13:09.300Z,2023-07-31T11:47:19.201+03:00,,31/07/2023,1,OK,1,,1,1,1,0,,,1,5,,1,5,5,1,5,5,5,3,5,3,3,3,5,5,1,1,5,4,5,5,,1,1,18,7,7,,0,0,0,,,No comments ,No comments ,,uuid:453f8f2a-cbd3-4f05-a541-ecaeef8a2b29,uuid:453f8f2a-cbd3-4f05-a541-ecaeef8a2b29,25,Tablet 1,1,1,,,collect:RoeX2IoCTsgXAyuG,0,203
2023-07-31T18:13:08.319Z,2023-07-31T11:17:31.769+03:00,,31/07/2023,1,OK,1,,1,1,1,0,,,1,5,,1,5,1,1,1,5,5,5,2,5,4,2,2,5,2,5,5,5,5,1,,1,1,20,7,0,,0,0,0,,,No comments ,No comments ,,uuid:bacf5096-30bf-4605-8131-75fadf301b78,uuid:bacf5096-30bf-4605-8131-75fadf301b78,25,Tablet 1,1,1,,,collect:RoeX2IoCTsgXAyuG,0,203
2023-07-31T18:13:07.385Z,2023-07-31T10:58:44.534+03:00,,31/07/2023,1,OK,1,,1,1,1,0,,,1,5,,1,4,1,1,1,4,5,5,1,3,3,1,4,3,2,3,3,1,3,3,,1,1,23,11,2,,0,0,0,,,No comments ,No comments ,,uuid:d50c83d7-4786-4c40-97c2-fb86a06c6374,uuid:d50c83d7-4786-4c40-97c2-fb86a06c6374,25,Tablet 1,1,1,,,collect:RoeX2IoCTsgXAyuG,0,203
2023-07-31T18:13:06.298Z,2023-07-31T10:22:31.653+03:00,,31/07/2023,1,OK,1,,1,4,1,0,,,2,5,,1,4,2,1,1,4,5,5,4,2,1,2,5,4,2,2,5,4,4,2,,1,1,21,11,1,,0,0,0,,,No comments ,No comments ,,uuid:7fdd6359-2bcd-4b9c-a6d2-80ec8ba968d6,uuid:7fdd6359-2bcd-4b9c-a6d2-80ec8ba968d6,25,Tablet 1,1,1,,,collect:RoeX2IoCTsgXAyuG,0,203
2023-07-31T18:13:05.133Z,2023-07-31T09:57:45.629+03:00,,31/07/2023,1,OK,1,,2,4,1,0,,,1,5,,1,5,2,2,2,4,5,5,3,1,5,3,4,2,2,1,3,2,3,4,,1,1,20,7,7,,0,0,0,,,No comments ,No comments ,,uuid:7d8f0e19-c9c3-48c9-92af-7609768b8f0f,uuid:7d8f0e19-c9c3-48c9-92af-7609768b8f0f,25,Tablet 1,1,1,,,collect:RoeX2IoCTsgXAyuG,0,203